"roi","diagnosis_beta","Advan_inno","BrainGluSchi","Baltimore","Dallas","dallas","boston","chicago","COBRE","HCP","A","C","MultidimCog","speech","KUT","KTT","UTO","Study_neura","Transdiagnostic2","Transdiagnostic1","no_Advan_inno","no_BrainGluSchi","no_Baltimore","no_Dallas","no_dallas","no_boston","no_hartford","no_georgia","no_chicago","no_COBRE","no_HCP","no_A","no_C","no_MultidimCog","no_speech","no_SWA","no_HUH","no_HKH","no_COI","no_KUT","no_KTT","no_UTO","no_Study_neura","no_Transdiagnostic2","no_Transdiagnostic1"
"1",0.26289859161685,0.588506355617389,-0.0368859515136692,-0.144337703342979,0.614461196066142,0.333495136454326,0.468827512306413,-0.289403271614448,0.371020818906024,-0.0698764611489473,0.0200006197474989,0.170397010260666,-0.233804120515626,0.254400188812977,0.363028825434373,0.132357018552462,-0.37600478003328,-0.268883317978885,0.534979411614802,0.33137083276391,0.226791841798967,0.260943034131052,0.276384436602979,0.237649230585245,0.250998656081186,0.241106916414799,0.257783090235295,0.269914666730455,0.293843548068469,0.248723413843559,0.257181310762251,0.271715378039288,0.267524082060461,0.272708929367039,0.263185259804261,0.25952109240031,0.258255551926377,0.255075661075077,0.271910002634641,0.272504832108416,0.297407457589886,0.309703713479729,0.2848566613828,0.240230234409368,0.226292793077045
"2",0.0551148633646025,0.754120869115886,-0.0714368335048623,0.359988970942484,0.243565218604548,0.498143992872911,1.29948290759838,-0.898096438639247,-1.43514524182793,0.229507925724052,-0.107856759181504,1.08323333425572,0.412955169512551,0.804120260901715,-0.508900851729016,0.706600591329049,0.156427024009615,-0.199897919489497,-2.32102053698546,-1.05749699115384,-0.00678644949044712,0.0629647176663445,0.00933319912322315,0.0426579480505853,0.0233147109677115,-0.0506569492930061,0.0541765901231128,0.0595610954936415,0.111123661113038,0.182183769160137,0.0387883515392724,0.0642302406884862,0.000521484256951532,0.00172895246692451,0.0298965812767435,0.0482379020067564,0.049352138897577,0.0439358718564316,0.056895450160129,0.150413208381405,0.00598464682860299,0.0400707563844013,0.0720424525120144,0.155469312233406,0.124581137261774
"3",-0.0853429586809768,-0.1906466617838,0.102203340587716,0.10284954443372,0.248940459019813,0.150665121912022,1.18060403756222,-1.58023826119479,-0.437922673096186,0.799555721778053,-0.262300118743825,0.606252434743344,0.372363587897375,0.375071815569346,-0.491606526156669,-0.544609544372673,-0.087166901183533,-0.798561483995965,-0.957835657755342,-1.34305069624628,-0.0886840315053942,-0.106906484729929,-0.125509537874318,-0.0977777627819118,-0.0995448507737251,-0.203543912800972,-0.0896725454100831,-0.0769432333685576,0.0118561063007433,-0.0421899704224904,-0.181541753065001,-0.0754447540531541,-0.121350255443388,-0.166174625193227,-0.106936026774761,-0.0890371866721063,-0.0968351810337788,-0.0944827611292943,-0.0785912709130211,-0.0143401882651258,-0.0306649851354991,-0.0786796741106348,-0.0355398844029455,-0.0468068037287961,-0.00485523380131842
"4",-0.416928543387646,0.00157650523401687,-0.926946488505157,-0.00204408389946423,0.553059430883643,0.148301703822315,-0.664937732337143,-0.374641058112176,-0.750501031291823,-0.209987221169194,0.902390862695308,-0.962112088708715,-0.626038970053137,-0.0470808040803524,-1.25580903267657,0.224407868545868,-0.349113478300553,0.296793090326355,-0.781015185908668,-0.791338634388528,-0.415795155799042,-0.382714727425763,-0.456406194843187,-0.457488633301542,-0.442252076378869,-0.395146959274784,-0.418114000625699,-0.411481936966391,-0.42548145726347,-0.381713724150578,-0.464463108723309,-0.479192447053854,-0.389744715351325,-0.368279599512878,-0.425514662217358,-0.421816107744477,-0.424267827976496,-0.417911264807188,-0.410857786864147,-0.298475646244067,-0.504893364043436,-0.418908213728416,-0.455294219104387,-0.396753812678008,-0.352425375850645
"5",-0.286335551520124,-0.192290030074048,-1.64903734502142,0.219133932493325,0.90814713324743,0.237991187716935,0.185272034898398,-0.489534711574336,0.115553954991882,-0.67451591954867,0.159173731678278,0.31513348730715,0.163991894850357,-0.238800175137668,-1.03308428607147,-0.154472758725462,-0.427071171196177,0.944675353784312,-0.793843252225326,-1.83525245275662,-0.295362715087224,-0.19814807417648,-0.302157189215655,-0.339141062367807,-0.297224352903594,-0.325424854612625,-0.298423742845449,-0.276165433391389,-0.277750919439779,-0.32420946129741,-0.270031569167447,-0.314112693498323,-0.328840915753685,-0.347147881834648,-0.232833831831547,-0.282056086273104,-0.289673667033795,-0.280760423132723,-0.2918070412494,-0.174275262425645,-0.334256774473739,-0.281054361895943,-0.357059494436008,-0.268686976855618,-0.158339035743063
"6",0.695787703623929,-0.0200687517705502,0.0329726375431407,0.838829102942583,2.68445515922648,1.83547788474113,0.994511029554879,1.47344922327769,-0.306089445684483,0.0684415774116686,-0.140715845593498,1.28618532452805,2.34793526269983,0.475653424093788,0.937651351899446,0.758109859323324,-1.4232525633942,-1.21099310254777,-0.716218928130014,-2.50082782541952,0.749655532872616,0.703266650246324,0.73544055089656,0.597488671769574,0.636910358628172,0.619036619391107,0.696790947104958,0.701873605871049,0.62779566429044,0.775413424540671,0.715849809704813,0.707723481839169,0.656348080909658,0.435961425549148,0.704407163417952,0.67805566158299,0.677397203557173,0.692027087953075,0.695957544556459,0.666550667676938,0.659159319226705,0.847279018838397,0.799552807420391,0.725595883118607,0.849216461772531
"7",0.32518679592438,-0.439074896509807,-1.33513424917647,-0.127719386592716,1.94134553006964,0.00635153547961816,1.84890701915724,0.0640879402182054,-0.366144782853876,0.0652698004394565,1.0343583593078,1.24427430226868,-0.19256644809086,-0.24885886262028,-0.350794323795444,-0.0828831947244165,0.991243869985747,-0.590501578685413,0.536119399314619,0.1184840162604,0.38117437997823,0.435595019234063,0.359399525617399,0.251147518467158,0.368254215230974,0.205044896578722,0.352931047088324,0.311715404522498,0.321802488296745,0.377181132176087,0.345171298040555,0.301786918038029,0.274595821033098,0.316007292528409,0.335598443063658,0.309667280150625,0.307104233403667,0.319815082147867,0.309344915565947,0.412517797933177,0.302267790050972,0.252763411974515,0.357684672307663,0.299610214468881,0.313375979560828
"8",-0.191097806531208,0.533291276426448,0.145887745037046,-0.304653900486534,-0.199539912772703,0.524977853408029,-0.667557965838247,0.0731463270638504,-0.13342388594566,-0.481957434248958,0.875349334628444,-0.395329443528902,-0.886331209745375,-0.968106900959958,-0.729772889325192,0.0185827623798684,-0.0382379932646066,0.021106364345613,-0.243498841656801,-0.134024747946729,-0.233365804590772,-0.212671029196501,-0.171183809469166,-0.189246018233063,-0.238048761408777,-0.152220617878807,-0.188825301711972,-0.185349451709992,-0.214129279692554,-0.192795263284458,-0.189859080020917,-0.247479549998188,-0.191107621184207,-0.112376362545892,-0.156787513984181,-0.200613675795251,-0.201682226781567,-0.202187196967945,-0.187722750371243,-0.107970608002948,-0.228375754874532,-0.202899154981527,-0.200529555653264,-0.180337818026018,-0.18160515732716
"9",-0.118354550615552,-0.408305597279104,-0.870551441909587,0.223699889688772,0.336634445752106,1.40348106156541,0.425917291315632,0.819720332737666,-0.509877289676041,0.426020311741971,-0.302603622694642,-0.639786338147333,-0.129172981300139,-0.991941868153223,-0.71216644836161,0.660396654855553,0.0724367962914496,-0.209631169784285,-1.12137602609084,-1.27046261968386,-0.0854208725428654,-0.0802551808158239,-0.12406952180535,-0.137329889323819,-0.211827008905932,-0.158081885872645,-0.119996065353351,-0.109374155687262,-0.187052341716905,-0.0824184429268316,-0.205549050440312,-0.115791554834915,-0.10961337134279,-0.0914611550506288,-0.0386698468067963,-0.128918049342812,-0.138137593058754,-0.127818064766301,-0.125769252754803,-0.030202434134845,-0.196188076835576,-0.141791754079145,-0.114810749294433,-0.0769413099585766,-0.0237437836607506
"10",0.333324775075607,-0.0456027114325737,0.660457667541721,0.84382654976821,0.189057802193506,0.357394800849384,0.350679066347979,-0.900760019133247,0.4299661127104,-0.344236431959671,-0.210531153300335,-1.25798756688845,0.381467318385003,0.275023888759805,-0.0809611599911428,0.73723049466699,-0.234267117814373,-0.473848580795533,0.296952549260243,0.758544482256543,0.348534906893866,0.320741966645252,0.284590333061844,0.337237048615553,0.307947445199701,0.331079990108944,0.333722812139757,0.324611354966998,0.394201162371141,0.333560048659557,0.342895035934099,0.350225185916846,0.419393369073527,0.289381473673391,0.314596072135406,0.319848872586861,0.327607459366239,0.336266797285559,0.331476921064645,0.367211619579834,0.282085927146679,0.362509096553559,0.365952319601919,0.315999166930576,0.272487833986971
"11",0.124097637468904,-0.0833510128868479,1.26458058365745,-0.281785050456231,0.147195958723374,0.62413896174796,-1.14459114033013,-1.40494164965183,0.400133156120713,-0.571043051423518,-0.0128538614476749,-0.977625946163277,-0.315762402255155,0.59515478911377,0.767822405289439,0.59542515747297,-1.07748426874928,-0.0908123664019852,-0.552194857801344,0.10206733475435,0.124391694761264,0.0665302700139892,0.154586129073643,0.124819171548207,0.0693176357303993,0.221510781343438,0.125240881357035,0.117864958860995,0.19522311622136,0.111752987755662,0.127824687972958,0.112564985288444,0.192455722996167,0.132975261626448,0.0924421651747895,0.106097504259283,0.109322609181771,0.112857526941741,0.130363558308587,0.017111311900507,0.038555331977845,0.214294458262751,0.121097525817529,0.138934754196293,0.125757841081249
"12",1.06468601921798,0.153316175064734,1.03599933758544,1.23680397384881,-0.0350647462340352,0.987291056377991,-0.405250442276476,-0.214919623614346,0.889667568774535,0.491788372874801,1.19007735143779,-0.143701761072778,0.579322004456964,1.67857169961613,1.43332481831842,0.716786560989472,0.811019779337913,0.557070645632091,0.0286975451613134,0.648910577405922,1.10762756981474,1.05249103444045,1.04544550292592,1.09826783815534,1.04749099996753,1.16210909539544,1.07053656854321,1.0545175768206,1.11742112895526,1.06056154146777,1.05883298674306,1.02630704160702,1.1265479129715,1.06209287197793,1.01108929546349,1.05614066953286,1.05250020244559,1.06960504373245,1.06084617183355,0.981273524025428,1.06040114519677,1.06564350373995,1.06301820863372,1.0578232623282,1.01028246191682
"13",-0.156738899079834,-0.0465895478202664,-0.427165221916922,-0.571172882806316,0.0934855423724544,-1.20264746736544,0.225496215191245,-0.621842125039512,-0.614569239336512,-0.520321133168134,0.412499322559,-0.049996098289727,-1.38000369251334,0.0992047130598994,0.56596195881008,-0.282035793350999,0.515323219717688,-0.277945054906443,0.52113383730178,0.715768273582438,-0.158793870782758,-0.138598527887735,-0.117375642071308,-0.158653776235049,-0.0909439767202003,-0.182162346751338,-0.154187394403241,-0.159141453531441,-0.125587960060915,-0.12025340529977,-0.142352686352988,-0.190461437025223,-0.16748309912888,-0.00948607373148618,-0.18426966169101,-0.15704528178196,-0.168387016255721,-0.161250598698605,-0.158580087068179,-0.249929548466861,-0.159400856623905,-0.202659982736222,-0.15122446234787,-0.18546168966396,-0.214080456943628
"14",-0.70793104506041,-0.149419345411819,-0.155031441337681,-0.848106027191207,0.543989533291073,-0.035267501119319,-0.437933032221804,-0.538147520242773,-0.611660799450152,-0.733596100508928,-0.0250984669825859,-1.56288984334183,-1.7149468510334,-0.564318333218444,-0.62726718913181,-0.792547750069316,-0.440995827778487,-0.255139639354217,0.37726259125852,0.987400452354676,-0.753632255027477,-0.721259075455205,-0.692491853942362,-0.750206540786323,-0.739556695392068,-0.702708149499846,-0.710092249183944,-0.699842937219546,-0.718371093491777,-0.693258675596848,-0.692206464722396,-0.720131186490436,-0.650911052653358,-0.535251814703752,-0.717477935776296,-0.714084553715596,-0.710449061189159,-0.71341949035818,-0.704884272994394,-0.704666696649988,-0.687853177892361,-0.700755974139332,-0.711646147753563,-0.728597237529333,-0.785753780434961
"15",-1.05183396156343,-0.602986581367449,-0.958186794776848,-0.969663058552049,-0.856925856817528,-0.8901684259011,-0.809294032181312,-0.579816446659992,-0.6501407262889,-0.726000700078296,-0.178783241447499,-0.322879132006708,-1.86052003782024,-0.187392174879661,-0.743310516972018,-1.00539498601825,-0.461258960057348,0.451716615139547,-0.296800564185521,0.127461371878847,-1.07461169311601,-1.03956519678664,-1.04328889130265,-1.04025366943071,-1.0467072455291,-1.04303270891939,-1.05749821037902,-1.04760074062907,-1.06947834770873,-1.05722950231527,-1.03805497724552,-1.06947999452475,-1.07338348722318,-0.906435675735434,-1.08691351740827,-1.04892779343207,-1.05268920283289,-1.04918634426877,-1.05513031550116,-1.06500803108393,-1.00235328061259,-1.07996098895052,-1.11841096879314,-1.04008937884643,-1.04994651936458
"16",0.581944970863529,0.197700189383131,-0.129172881078165,0.758942942324843,-0.42960968553094,0.203997042201475,2.70538792154423,-0.122293399887283,0.022514847921769,0.204873682441483,0.987800326434042,0.547977254759438,0.395673052475113,-0.233102066303635,0.384642998131079,1.06306907201264,1.0569977611181,-0.902848404255219,-0.327176357520162,-0.602888593309273,0.60784714681502,0.638576267290329,0.523726445767182,0.610912656462702,0.595592390639072,0.391628762326694,0.583349780083996,0.576860957227056,0.62141742557065,0.619053383575432,0.604766826473036,0.5598152411148,0.577711863103945,0.52600049519918,0.611944625503111,0.583522907766429,0.578455730006222,0.574624481513433,0.584933706053442,0.627257519692233,0.527321197017434,0.523982668278189,0.656782415608798,0.585838522461704,0.632934193008663
"17",0.361267265907868,-0.759705544186758,0.623454101445605,-0.173701651146728,0.87136512199499,-0.66230652304017,1.18151606087057,0.193842289491534,-0.0543050476050154,-0.156797690193535,0.337798241473798,-1.07452175912094,-0.454654893876505,0.212461991054444,0.806153494263936,-0.453911658478152,0.57646960830864,1.58417920907454,0.386164230660831,0.749093299788991,0.44373675171561,0.31537613379632,0.401467364211115,0.344101819083978,0.417271846079823,0.297816395760761,0.360734222130921,0.362612734977105,0.383443193950557,0.379506750185289,0.421983048726054,0.338984701587483,0.425417624021074,0.444696040018925,0.360040169743511,0.347187185870894,0.356058675307069,0.356103704248467,0.35597215349228,0.246227329107243,0.431245657057722,0.321289994406457,0.281088774390916,0.326083910478628,0.3121983030096
"18",-0.348178943696529,0.241101139564427,-0.808289926518391,-0.319339064377917,0.225664282619791,0.443162259981812,-0.636932314685637,-0.379137353592181,-0.657193682837156,-0.874927710022475,-0.433127262282501,-0.41492059153673,-0.494756654833445,-0.302892504292407,-0.627019366105411,-1.01770712849417,0.199560296442858,0.581257450554152,0.883375723115581,0.170198892077017,-0.39465410934485,-0.328575141887098,-0.354499610350853,-0.356254238612357,-0.409711563346988,-0.301735286340028,-0.344280782414522,-0.33964958104681,-0.345807776993354,-0.320864670331738,-0.297092333254267,-0.347883513261484,-0.348247077516746,-0.322758106531716,-0.343136220775253,-0.355705490985767,-0.352184077229006,-0.354743083344527,-0.342100619865568,-0.322910735207181,-0.305503934877792,-0.379283566990084,-0.403814187205246,-0.383220827839977,-0.336166021581519
"19",-0.0878458258148736,-0.198413005095971,0.784578175423711,-0.522951685990364,0.272574665402694,-0.623389241704261,0.462373654348113,0.415655608378571,-0.65057456101317,-0.32568360976115,0.231670377099438,-1.35227939160778,-0.515110104153996,-0.660832780904297,-0.315199962941526,-0.845072003893611,0.306112328061382,1.30457071553092,-0.695142967843089,1.17805742042026,-0.0640978362716912,-0.126952676424673,-0.0586013338783738,-0.0853924573501719,-0.0645366469098234,-0.121924999078744,-0.0889457290916066,-0.0783694703893953,-0.117973929787001,-0.0295880149013402,-0.0324660768675536,-0.119085683428211,-0.0201376458863954,-0.0730286327104755,-0.0590973790150075,-0.111855756553623,-0.106621323367826,-0.0961212023820146,-0.112213882152516,-0.0925212094318033,-0.00823183513375183,-0.122963112871102,-0.175304105641199,-0.0686313262698478,-0.155199907035878
"20",-1.0346128316143,0.107631659375652,-0.732349601959857,0.0693668872935244,-0.670835466796148,-0.496879145308458,-1.30120352803448,0.98488723744089,-0.890174608216611,0.126027606992596,-1.44022844825469,-0.12209040410097,-2.46533637263568,0.914731607232985,-0.67875962813617,-2.39092106373831,-1.58526572249399,0.564692795815709,-2.80062966103698,1.00725686682664,-1.14031143822471,-1.04187681625093,-1.09603563593147,-1.02799607034059,-1.06850285684673,-0.974382484110419,-1.02497207691734,-1.03655619089118,-1.13239636564064,-1.02453817233695,-1.177209650128,-0.984574264491986,-1.07536009590912,-0.823522344046323,-1.07506218173497,-1.04090883664168,-1.02689340420637,-1.03829724937213,-1.05530030618629,-1.02566725739584,-0.865437811859712,-0.976269042970257,-1.10694673519712,-0.913640620973794,-1.07539081489471
"21",-0.881221769565024,0.943962457606862,-0.417341869568574,-0.229114790046949,-0.674729527073,-0.131997598672857,-0.871881174645579,1.31866031085398,-0.549749402277524,-0.351867322589574,-1.64177852172758,-0.911509945929089,-2.15682334284515,-0.753649506221245,-1.03457735777597,-2.23863969203875,-1.48057047458058,0.807350601362293,-0.968379239365889,1.90688761089172,-1.02714821045113,-0.910803904713121,-0.923249204976628,-0.851161369597411,-0.922176592563263,-0.851271781781618,-0.874604532704062,-0.881401423925143,-0.997227083506813,-0.884172122628505,-0.889794505459439,-0.823603377739748,-0.87200621407696,-0.666447310044998,-0.877799160826824,-0.894897767677554,-0.882244882062787,-0.900967221120929,-0.882608759286769,-0.834991555149645,-0.709125464308555,-0.809888893600379,-0.96476760746993,-0.842447024451921,-1.00520642467971
"22",0.31934570039819,-0.43644310641332,-0.190092348442371,0.11838430832399,0.664730757291641,0.197190271955584,0.378177493004584,-1.33575523669563,0.0398347289114672,0.129909677731691,0.314500587511131,-0.848544400751918,1.13588829959076,0.169528120793599,0.572357606300738,0.491667921176054,1.88754878440272,-0.250016674134383,1.80145713238107,0.691497804341975,0.364159638755743,0.364514277651286,0.363567397167228,0.309271264021291,0.322758809619299,0.30068057653858,0.309883621263448,0.304337310670443,0.388926545686683,0.33774799526296,0.360596532190868,0.320939785161025,0.384034505266402,0.238805017981761,0.312594849532609,0.351990198621019,0.311296648513286,0.321425598208604,0.316992782201686,0.286727956180941,0.354797332844172,0.198661358495664,0.337410169810586,0.251267708743775,0.275286991216865
"23",-0.292545780063502,0.314346130545263,-1.23056738718918,-0.18534716651007,-0.243267651236061,0.106499668509088,-0.954791417100967,-0.188419003202156,-0.0162600637027538,-1.34721148087498,0.405505077743056,-1.15639081661633,-0.696942596633948,-0.519853182317498,0.207210802420368,-0.118287713198232,0.116289956539161,0.448531053518806,0.772382383972538,1.13305529887429,-0.33211028505626,-0.238215627194606,-0.30966761546653,-0.278666150745878,-0.319979526289415,-0.250648369575761,-0.29311095309869,-0.285856341814973,-0.312486523326141,-0.305360913945588,-0.141458233933785,-0.327337525740743,-0.234990707388192,-0.219367935608899,-0.285817670798876,-0.281743913761052,-0.301123154599633,-0.29896788379153,-0.298983512935778,-0.346185966913863,-0.27351472832483,-0.316085709529763,-0.335503043610116,-0.321423684280355,-0.383531138165473
"24",0.338535326051306,0.0632320515093546,0.919561923693826,0.54367392726795,-0.423340433716589,0.610674040779275,0.896729986232478,0.742643119944691,0.721863370990523,0.0287820814271529,-1.23507427576326,-1.86621439795778,-0.694480783862501,0.231087621414878,0.268033833333685,0.0826539228492949,0.33511897988556,0.379684860534726,-0.0475018937868913,0.572401502380247,0.349290453486526,0.30254282925568,0.315473750984588,0.361142650212574,0.313404691785645,0.309381538010074,0.346910156243207,0.334583138805959,0.302307383262212,0.30626423061803,0.308523677853567,0.407131933618498,0.446073964627897,0.450632485811928,0.332231311294899,0.324003845258489,0.337689726317042,0.336500238313718,0.329311105766181,0.303354310276669,0.360142593083419,0.323648272768834,0.317921564706218,0.340666864380118,0.289116330048994
"25",0.666284842169122,0.513484983312415,1.20989691989068,0.323080787585732,-0.842204660224702,0.578744710310489,-0.020544505062549,0.406653965769993,0.984052629041827,1.11460720359138,0.402564211654985,0.114867279078085,1.25185553102355,0.534850692422608,0.595679341449294,0.210789661076516,-0.0722457455598433,0.446216220683734,0.232861488373299,0.068647729566449,0.66683444120641,0.628957070737245,0.703091657496442,0.708085295113198,0.653045260585184,0.712969318444846,0.66192701793255,0.671601429580214,0.673009670291526,0.625095571828278,0.601185324163326,0.665933817936591,0.68922916176054,0.572092596782156,0.662999760198822,0.662671274403176,0.672369233995634,0.664895653188656,0.665975802269242,0.672638749405972,0.705657981970045,0.719702116029617,0.666407903678544,0.654213171813635,0.654534133097874
"26",1.11295418386518,1.25418214341513,0.960840586151478,1.07631444475498,-0.769456113579251,1.20562165931736,0.145317323821663,0.157045165605103,-0.0440987970487772,0.603258521079199,1.10117314442403,0.130150998310841,1.68053457433161,1.70096345885153,1.25265377837688,1.42508112933493,0.299942723478405,1.43167116087207,1.18058768098571,-0.123153608871813,1.079412873957,1.10769547879476,1.12219729112248,1.16582082708099,1.09532429895047,1.16418450629063,1.11825228025373,1.09231678392938,1.1359652726683,1.18899143504312,1.14574832173185,1.09004620100445,1.16227285478935,1.02627768200519,1.07075898965517,1.11896203254703,1.12289930125919,1.12521343478805,1.08953058544716,1.06889749205926,1.06044290454723,1.17838998478173,1.04861317368075,1.07367765392081,1.12979855401876
"27",0.436400252377556,-0.959365583136448,-0.320922203648745,0.28636975578676,0.752666504214085,-0.111840081344595,-0.0131523341163183,-0.405396464569919,0.62384501252774,0.209368437456433,1.37035873267114,0.546999059644952,0.704838799380667,0.82951487532995,1.14791128235375,0.662494015442681,1.32401794379551,0.21761628058056,-0.161063114823805,-0.0101166777055407,0.548757469871261,0.488845356248769,0.450804561068402,0.41221531007019,0.481806807233001,0.449179669052596,0.440684476970969,0.445824504015002,0.48012429752853,0.408061109460822,0.497759327554392,0.370933249944677,0.439026355933372,0.380158231976669,0.423432339029395,0.452918877355162,0.431472404669678,0.438074696664997,0.445490547435939,0.317371888580384,0.397662352639498,0.367422491826742,0.451908658274144,0.443624834796695,0.43393181961217
"28",0.50930993703667,-0.783904229595664,0.123732132757922,0.532253529637075,-0.609597590665651,-0.378245617023232,-0.294471085107333,0.950488527922293,0.713178345267048,0.775580184336094,0.487512479505434,0.902150978921952,0.154146089833271,1.76584844879385,0.792015591470101,0.65340734994494,0.0867913192208304,0.643570655700377,0.552335330938559,0.362216670255654,0.606125793991792,0.526164668296889,0.491233980037357,0.549533400506862,0.56433800869849,0.556510784768704,0.506698580465739,0.525396127137757,0.473437877302375,0.47767819446201,0.47854387582674,0.509708888957997,0.490116775852779,0.53523709845015,0.45098548034748,0.528285711783238,0.50268297006721,0.521171831712624,0.482782599119018,0.454873127572934,0.448286292779975,0.563726953204326,0.489749278087167,0.499446203469879,0.483761231878984
"29",-0.339994593169057,-0.132467929812838,0.135398570803515,-0.20549567347725,-1.57503403467448,-0.295213487159736,-1.2001928082339,-0.423315422967616,-0.35024190663717,0.256451407147711,0.0841135281915762,0.434290252576433,-1.09133788021553,0.0946156708665886,0.455120028799815,-0.662986920065136,-0.432795917367079,0.222070534813601,-2.81036408553294,0.94783143967383,-0.347367374147047,-0.366483477996902,-0.383600987471883,-0.272440119739614,-0.330695246919865,-0.2741935059214,-0.341502056734391,-0.335811608683767,-0.356312303119877,-0.328657225243198,-0.37824676000615,-0.35560130962866,-0.375195514282529,-0.250271795517226,-0.370907926019589,-0.346804838068771,-0.35034932194313,-0.34957009820163,-0.346114768296805,-0.447103965586394,-0.299607591658512,-0.328051845879712,-0.356638646697381,-0.214417637155621,-0.399074529319007
"30",-0.179322652769997,-0.258618495196807,-0.788786588920923,0.308674099864554,0.348816502404471,0.172850890332392,-0.078769397185536,-0.603376690794268,-0.375527071876978,-0.829251992926405,0.935816120306985,-0.0785859952508162,-0.221637202036754,0.295433230597296,-0.351142406883801,0.200974090295205,0.367886563224523,-0.0794135024204151,0.0610954801569959,0.36323170850965,-0.178752953991914,-0.140549683845039,-0.249228079832017,-0.191970153904403,-0.193554845250468,-0.184388376259218,-0.175535534871188,-0.193848635000822,-0.157718660884237,-0.154716343207596,-0.0608226948629649,-0.218189095982705,-0.171373003483844,-0.176886456620643,-0.200705898147906,-0.1577381151608,-0.183100914429167,-0.165899703750815,-0.178865914664841,-0.147194436613125,-0.209180052665079,-0.220823055195026,-0.169128443648556,-0.183901296128449,-0.217740829487013
"31",0.528078757515661,0.350339962172185,0.286389528785684,0.0432349565667509,0.703360583048373,0.778860035220117,-0.332897058280413,0.828054104833154,-0.0427128868637773,0.180642257604558,1.36763553680156,1.19794977099043,-0.221274410781528,0.310863967306025,0.614345015720766,1.03866716357346,0.74820866906596,0.383858356575425,-0.19062715819037,-0.0785666149425415,0.532356461062423,0.54129666834544,0.559741124484619,0.508433736119173,0.49838192883712,0.578383479573207,0.535159754264709,0.534821646896274,0.490206317669335,0.566970518176828,0.564951326716185,0.482877540750341,0.483972088910742,0.581259406815288,0.53777811330027,0.538193441564731,0.538897335272437,0.532553118255056,0.533740760940473,0.487982694098777,0.468918342929661,0.497213224848665,0.522490092674803,0.543886785331353,0.531530456293791
"32",0.684959113683771,1.17624873610318,0.900243268481995,1.32869809624579,0.602229248162667,0.13997123203301,0.992428794434784,0.866706932119181,1.19574193478613,0.29364212695259,0.464786978127811,1.06919725523049,0.403748119655606,0.840188545375841,-0.254456246443872,-0.337615537961754,0.801089150324874,-0.411699164018284,0.00403223508607641,-0.479487683117482,0.625256100246284,0.664973753775375,0.563452625210055,0.669641147988851,0.697587988337238,0.633675310456809,0.676103671793679,0.693768935667095,0.674669264514999,0.6251785537866,0.741766478292169,0.699105351800863,0.650509764473098,0.702143685873789,0.662427063886283,0.676468011437314,0.697188747981512,0.675505539927144,0.688358735911974,0.810617209844018,0.786648673415064,0.672543697387722,0.737621367759431,0.679793886857172,0.704777847443136
"33",0.974404685605631,1.4611512992889,1.1400717692257,0.771002866988656,1.25559975341074,0.66526795240475,1.98367955469917,0.494425964952402,0.464677987415488,1.31361357143501,0.444726233731488,0.892672718233615,0.175129940236953,0.808860929006944,1.03208791609691,-0.637799189117556,0.802867768239064,-0.136042211869075,-0.137352480620631,-0.242441484122622,0.919517757218154,0.950973027193668,0.959431875496354,0.94266488023427,0.973488726445895,0.855639565367162,0.986539944981672,0.979400587831036,1.00225361534753,1.00421149783888,0.945647814904282,0.995773335633015,0.960400275916602,1.02253893433748,0.964960646190484,0.967152551387882,0.972521651607117,0.970217436527933,0.975882832371656,0.931609786565853,1.09531706237176,0.967918940488519,1.0141697038824,0.984239923352328,0.992268315217532
"34",-0.281940264341898,0.360019850471608,-0.417364501444818,-0.282286842435386,-1.30649104747215,0.325796162631684,-0.56408087827756,-0.005026871560617,-0.207942933137013,-0.25992621200591,1.30799611190333,-0.613832304973878,-0.248221665481003,-0.751138758149814,-0.564349259053937,-1.04187577967256,-0.226370742273092,0.347205855580967,-0.124818234301427,0.529518727602315,-0.317133835536751,-0.275210186861347,-0.278562818105022,-0.219274439764978,-0.31758394571883,-0.238659109338758,-0.272731624987843,-0.285042471712434,-0.308669478472724,-0.281834957798511,-0.254301753426453,-0.371858904143544,-0.255745963720904,-0.329861058795803,-0.257993839668032,-0.290772344939602,-0.291742541792243,-0.2767232688168,-0.28486869535911,-0.275498529285079,-0.185414507861722,-0.284495686850282,-0.311310176913105,-0.264589894472021,-0.311228280166299
"35",0.572250513945681,-0.573861998624471,-0.217852763961783,0.208742681941128,0.336202440795317,0.6112772182907,0.32452028720349,1.12949802340087,0.450496484151791,0.142579142250412,0.549133073804552,1.37546907007757,-0.300514110156891,0.291182630405754,0.561820483398062,1.05632273378699,1.33193514486151,0.701197226433758,0.31403366523706,0.495564791653421,0.668325310091662,0.61463521737898,0.588989347029923,0.573718047098192,0.56440419259932,0.560474877105499,0.566493265903763,0.567027909230815,0.528329405900847,0.573717743722698,0.636871523092601,0.561835618427429,0.520718510917694,0.674932399163615,0.57479765881289,0.595924596380627,0.572816453775734,0.580025674269362,0.578778222514369,0.531884349895063,0.511435041377038,0.503470743278248,0.556690228076729,0.55660024449794,0.534414562947612
"36",-0.15800373500653,0.481909487562411,-1.03639022163566,-0.289263495701184,1.04056319811471,1.10257762161756,0.206904808519899,0.795206676981272,-1.12924993540869,1.26035225139435,-0.970999936571834,-0.224746083054045,-0.473682481832643,0.975951917017122,-0.951211242181269,-0.0474033461336092,-0.38938718031156,-0.293122652692087,-2.20648075975273,-1.56016357148158,-0.212141263905652,-0.122000796425365,-0.093555579914162,-0.197114951747733,-0.257162871996832,-0.188331390693804,-0.156482392628739,-0.151255759964017,-0.218130532021752,-0.0712934424779537,-0.333881723886434,-0.116946098120975,-0.168099951363818,-0.106046498146733,-0.220468949754401,-0.174115694420347,-0.167404793552122,-0.162890201255857,-0.146801693662526,-0.0862055958251491,-0.195014769417055,-0.140202099519928,-0.145374694751786,-0.0750705418656776,-0.0512085671007713
"37",-0.36340682451344,-0.946703273344372,-0.439293544432484,-0.609129222335127,-0.927776390038538,-1.23539980858009,-0.711614703160356,-0.60012586205761,-0.599438855227994,-0.478058803074868,-0.633622521968161,-0.440107060255614,-0.0988642767330851,-0.376051645242977,0.247940602393529,-0.272800253857663,0.290756043065629,0.289503961208942,0.360982599415718,1.46480937525568,-0.326574277095655,-0.347619207077954,-0.315333130821717,-0.334045127942361,-0.291711617220446,-0.311793012890302,-0.380976334946085,-0.37379704743917,-0.348107993324498,-0.342296156509261,-0.32787151806735,-0.334272040454018,-0.35376872974878,-0.407007181522112,-0.350318193814898,-0.373792894436318,-0.356118783174227,-0.356307105383155,-0.390928699602591,-0.422847439477857,-0.383465871487112,-0.410819864254969,-0.410358167361536,-0.374820855849919,-0.454404738899461
"38",0.8291561204378,1.77344893689149,0.501380611148861,0.740142075123978,0.672863874833533,-0.368557711399929,1.50844040230635,0.100030834897296,0.451320537712795,0.947561023763766,1.804159571492,0.856965669449802,0.255055083098698,0.461140574862075,0.23106199285508,-0.293431732885587,1.20413420569,-0.419507398336871,-0.734559574866574,0.347344252248555,0.733729249494318,0.834087594030006,0.801462098007315,0.822562304866432,0.88281131333,0.723484701153772,0.831036537338087,0.834458063749729,0.876012415462095,0.845552823897337,0.840853662558398,0.762505712262874,0.801168388696452,0.891785114061945,0.834195430925597,0.816623889534401,0.830351894741932,0.818879164231142,0.831955901194236,0.86479862621608,0.916966129924911,0.780635531087701,0.878405439431369,0.860968899812832,0.796184146642454
"39",0.950001871078405,-0.401667202376952,-0.12507819368849,0.221174213541778,-0.584696808657234,0.581140222664351,0.597401351521705,1.25310535571064,1.62105538078366,1.79410155304619,0.187815158188609,1.09576229574485,0.868420435471613,-0.145260358339307,1.21885499909572,0.812516569707447,0.729276381716549,-0.240302675100226,2.05924485584495,0.541636795076002,1.03718229010419,0.989236431412014,1.01405140093131,0.99263501636562,0.976697180761502,0.964607670253584,0.952431913763423,0.941110538270978,0.915545873889858,0.862842584341578,0.934039152142456,0.98143002750894,0.922206927433087,0.928017480150008,0.990679166977093,0.943322733525426,0.956204583519094,0.955563372268703,0.938781789699407,0.893085524816557,0.887407373029273,0.967937115633432,0.991801454852341,0.872183810908071,0.916883069495814
"40",1.17333914598802,0.8337294362941,0.987930348147044,-0.0210786666359122,-0.464542367229022,0.363471237331596,0.0453183954392112,1.77367992688963,0.0837557335567512,2.28243172397561,0.133749477856019,0.687719686662027,0.554325484676309,1.36252623053948,0.464298407478125,0.392646726732525,0.256253430594193,0.392259221658246,1.81465755915071,1.86239761441783,1.18186562869238,1.14551785649079,1.2690536623132,1.21527855888859,1.20522886274288,1.24157673297473,1.17405786663467,1.17614883416925,1.11851949726936,1.22977737673531,1.08205537019445,1.20493318282587,1.16075461014217,1.16306844076969,1.14078089933713,1.15706977902608,1.17053511259172,1.17647590622658,1.16402305177955,1.20771609155679,1.17137690037776,1.23365008644055,1.19007477074379,1.08160529100743,1.04356820102357
"41",0.130322619020087,-0.128105526638438,0.530311195008467,-0.479148503749556,-0.923861552573847,0.207190266353743,-0.399227455054487,0.939880984773783,0.359787314137829,0.686897234463838,-0.202521440023604,-0.141379129055656,-0.30137900152263,0.156928943837149,-0.439102999401529,-0.37191544404677,0.259615125819137,0.0925905802155405,1.48672933345827,1.24485123195238,0.154471691602902,0.106911326204047,0.176806783834501,0.169879982284575,0.120830839610037,0.174281750290907,0.148001871351436,0.132814293238645,0.084009754720892,0.100845793865849,0.0967041474610539,0.148880785032855,0.132393858749378,0.173304894975281,0.123580690629679,0.11937492891767,0.124708986559882,0.120883720472288,0.131837492318381,0.184597474371656,0.173617074160389,0.130337896969385,0.126352223612057,0.0710149321914462,0.0402296665899433
"42",1.13230437232589,1.42493165984113,0.899240758368626,0.752450865094378,0.131579605870233,0.613056235352115,0.329939383321734,0.679122150488122,1.99073123155027,0.447483597565153,1.37620689512321,0.947824050449985,1.69217560924976,1.05571265918168,1.8955445026166,0.42266597369005,-0.104419224188492,1.1178401491678,0.319552119571743,-0.800351665754487,1.07449236902562,1.13086589378202,1.17849694725701,1.14570932285169,1.14868112033839,1.15735220564573,1.13002831549229,1.10443321746363,1.15185691524819,1.03389176295267,1.19479756385071,1.08807508662585,1.13224945575194,1.00489062860815,1.13111250853617,1.15077618172608,1.15506044725541,1.14775355176854,1.13977943281017,1.01027866869163,1.21807008167149,1.21699957600981,1.09669520123909,1.13274045094372,1.19369032139012
"43",0.598331243415849,0.572205029930583,-0.495686312943593,0.820007647737422,0.57924363554774,0.0954152591920798,0.83793116328707,0.410740171257261,0.194412627946397,-0.304536538235336,1.27187946063526,0.145602130469133,0.35442185609128,0.551631891570155,0.485343016364712,0.497095623494251,0.513960012483549,1.04955171249905,0.202273913818422,0.754470813469122,0.590542784512756,0.657326550461876,0.544442976647429,0.586543249053668,0.634854128604634,0.542094447648247,0.602193663571851,0.577802535551813,0.59603741029983,0.627717883977839,0.686010536671197,0.543418009200167,0.622432806842101,0.648224481463297,0.592382016533427,0.610475118294698,0.612796681378117,0.608901577731427,0.609972724110954,0.58074274205449,0.576054208858632,0.593122179075135,0.553102333670983,0.594842236698209,0.546773914835505
"44",1.10211717705774,-0.227290767902957,2.06781449570852,1.37618833813137,1.13488439852617,1.27554374988196,-0.249574484345564,0.865255757823898,0.680473072510358,1.46455032361074,1.24075147642073,1.46392160559736,-0.134682783152878,1.26396509893085,1.36037946690441,1.64299909468878,0.066334366213504,0.477861397943607,-0.493602149084864,-0.713105748698289,1.19579737671368,1.04503675240432,1.01805974519294,1.08198591622194,1.06607014895468,1.18283496372626,1.10760067563363,1.11190119947852,1.10063865877431,1.11807151660632,1.03627283906798,1.05695594765083,1.07023125632919,1.16006226584317,1.09221151206346,1.12130222570987,1.11497057848933,1.11857695004904,1.09687693780349,1.031725971779,1.00611671745119,1.17382356813336,1.11466350106047,1.13215075859298,1.14826717442712
"45",0.519565366541363,0.512772096827122,0.667571000485658,0.488531503221083,1.6136326171591,0.3603356412068,-0.44285870234055,-0.234405598351029,0.132944131040381,0.465842564486177,1.67315753066019,0.500170864567016,-0.165488350401166,-0.128103438184743,1.06905906464421,0.183286053108828,1.17685723108495,0.696618603304229,-0.297876881650709,0.536250876721025,0.508983365966447,0.521528279138634,0.504929472768877,0.464604169105288,0.514546874836679,0.579593066762889,0.52516688927005,0.531630479912418,0.548477580417285,0.558476133726096,0.560845118983112,0.448443504304045,0.514971354747113,0.577895159385115,0.551521896587715,0.529017055828556,0.518082025609884,0.522609257931489,0.532549352942778,0.417409484319833,0.566238165588907,0.466444128520414,0.497624512578951,0.538914459357552,0.482169129768868
"46",-0.231617079298806,-1.31005517336289,0.0333011378173843,0.494817106647316,0.362629295300648,-0.31530440351879,-1.00290339579135,-0.743952533415478,0.106374412998971,-1.43427888176892,0.337374664635952,-0.188606447684067,-0.612717258685667,-0.0919552445669194,0.938850151918416,-0.00298738436053014,0.306745892513244,0.735470745881641,-0.378478887397498,0.871388435648369,-0.133590108383622,-0.244422483543706,-0.328362868240794,-0.253110389196382,-0.22388468796686,-0.158253462557611,-0.229630741996136,-0.234944281484609,-0.190287651295103,-0.247030005926569,-0.0797664323342608,-0.253626113155963,-0.22392046186722,-0.19929221358724,-0.237145984693382,-0.212222668624616,-0.225937268644343,-0.22922286537839,-0.224997730328235,-0.360587322195358,-0.239861264096915,-0.274618514908519,-0.277642770433738,-0.214786989353161,-0.287800167702146
"47",-0.208075048886602,-0.346830041895182,0.0445621233636887,0.236846523505221,0.114754728317488,-1.30777538650069,0.944142634646548,-0.419983001312443,-0.434926628449528,-0.260369617106131,0.682867135375586,-0.237195160378384,-1.07759906131624,-0.235735255956104,-0.837660044512501,-0.170362079691032,0.986833630290166,0.0254403587039332,1.36919848386887,-0.496671893456259,-0.183901575753456,-0.220450332931538,-0.25713465200113,-0.194524725022363,-0.146066960928802,-0.303121711782588,-0.217262344480915,-0.241509463392725,-0.187620030683008,-0.189458180448072,-0.183869634684916,-0.250151399788569,-0.193506932685246,-0.0663469620596607,-0.213633224117389,-0.187178698495009,-0.210203197845372,-0.211973300296587,-0.208345619130876,-0.136730167065956,-0.233216628214014,-0.302599513577223,-0.217483803119859,-0.249589398952102,-0.190378971482025
"48",0.0404643178610974,-0.385110794998948,-0.361767274103825,0.936178531821,0.280668654782837,-0.147494858733878,-0.685260025604711,-0.564391904347008,-0.328785243096171,-1.03163932001953,0.524794291210356,0.331819430838034,-0.084390160363766,-0.532719133976381,0.929391114698147,0.792687890044482,0.0844378351478076,0.521543447170381,0.621477288945662,0.870805532425308,0.089326239256989,0.076903957674215,-0.084910396657396,0.0304817787650276,0.0622883949145012,0.0914286577107818,0.0451462275161981,0.0309805664553331,0.0553552963605171,0.0819927450123749,0.15608424453109,0.0165193618792908,0.0276392891430608,0.0608407654808636,0.0742213585551844,0.0572672049114302,0.0369116040366754,0.040435039331143,0.0472188595704551,-0.062678854812599,-0.0012251456450221,0.0579690830082306,0.010619562562452,0.0238286915761006,-0.0125265154981367
"49",0.453652002398834,0.387179027467437,0.101452346845501,0.295090833459347,1.48525864465338,1.20947239118826,1.35338752463592,0.84972717825328,-0.429764898055153,0.771732648589571,-0.611360084688234,1.18980099635855,1.10405439298525,1.38740614712742,-0.440649716874062,0.467648423385519,-1.19341169745451,-0.760560390467633,-2.14794401079735,-1.06412879826945,0.456052508411245,0.459443093405043,0.47455772454588,0.399903888471761,0.388080067193587,0.338258305344866,0.450324974443402,0.460271703935684,0.413576506038604,0.532610766471792,0.372288749104599,0.491305178368225,0.390455223467214,0.376803426365851,0.390175801282132,0.436974849617881,0.455343295383075,0.44886376809968,0.460724039328926,0.517664490720503,0.435686883592703,0.57654777459884,0.529268544268834,0.535626547661291,0.524704353105846
"50",0.157146444682749,0.10579150649621,0.249743927746404,0.745436061802127,-0.0898540645238204,0.522038948041055,-0.703238761824489,0.688660614250838,-0.854699790334294,0.0759909658083146,-0.860274912627405,1.54843029453142,0.206317243791969,0.158204095643635,-0.482960620538434,-0.321294896324001,-0.318319607927712,1.00289622412843,-1.28848507195178,0.287219611064832,0.163356956827987,0.176684541725734,0.0848686780379925,0.162902998226434,0.118415180586242,0.206862362368518,0.157025643922261,0.14986359023061,0.127191014656321,0.231194547167782,0.116647955374707,0.206091162919212,0.0856701279087366,0.124883960304695,0.160499656768348,0.145472367314463,0.141445246523186,0.159370515400298,0.137088725610564,0.229547926533365,0.20774335312863,0.167625532784156,0.0936214180703909,0.217701424220415,0.137151810147834
"51",1.09403376489841,1.81578973303965,1.57425960721169,0.4633369124588,1.52561589289045,0.768009366148529,0.176435071612413,1.37170281431367,1.00191734149952,0.738517119566866,-0.482180306211547,1.34454800105181,0.445530225836093,0.702571580033769,0.845742857930008,0.815511039771525,0.443318316166988,0.647853280319098,0.283848966374894,0.34582934742602,1.02213450027835,1.0376281686293,1.1635650663786,1.04768996880747,1.08537592075256,1.14674763815296,1.08798331133625,1.10039200672271,1.06302174624742,1.0758636983496,1.08083400379382,1.15875464713904,1.07534779087554,1.10248053615681,1.11007582507055,1.08375887015988,1.09434503371229,1.07717088720743,1.09834029318637,1.13988581064642,1.13561058642931,1.12277276586793,1.10182884384283,1.08096090225722,1.04470159730105
"52",0.429784321247851,-0.25477271472213,0.173399462628783,-0.27126177377703,-1.09245145718193,0.123537244792502,-0.868856900141081,1.13070737736868,0.802346631109343,-0.677105312979442,-0.494551279029622,0.301498954425158,0.0267668901509463,-0.0394031579366291,0.385384969824309,2.06761305517249,0.295902049914633,1.12160160483162,0.702720101575141,1.43497691540136,0.482356919172469,0.427651747840354,0.484438151655329,0.479177771230813,0.463308867011554,0.523666646969871,0.428063588565786,0.442315224554088,0.383544071302755,0.381320161418369,0.494908345255971,0.466934281330903,0.429866615236424,0.467115222376077,0.444459470953787,0.427328889064986,0.436554313607447,0.425365319958662,0.445625297940886,0.423798943664619,0.267996607046246,0.431118471299257,0.370185704002259,0.403914093855197,0.309005911158677
"53",1.48197889921241,2.12238237402145,2.55246945631573,1.57481371755378,1.64292250338352,1.40093724896378,1.53786651812677,1.14377022242392,2.07722969334087,1.97114541060657,-1.19262966264495,1.70137459902963,2.08217307507046,0.496587724444859,0.39381467536286,0.723387290379339,0.535065850437113,1.11825483671778,-0.274820318256168,-1.26188720087752,1.39237247565213,1.39781847232364,1.4862364246991,1.44162361886058,1.42229644087825,1.43363412649257,1.46907151854875,1.49800826098893,1.49254759110897,1.39238385399275,1.40274712995895,1.61309152066954,1.45515096724332,1.38141549997149,1.51721702524172,1.47550020810199,1.5358229733698,1.46457145551953,1.4816268916788,1.64912678291184,1.55330189223712,1.53964898027957,1.48864920403618,1.48920257130947,1.54863076206942
"54",0.96657263946519,0.649589276366991,1.5068248466443,0.671307354016099,1.01476421814865,0.31934723320949,0.0357288332168836,1.61043557438013,1.33571165013545,0.724558526360216,-0.461868349429175,1.32107164284008,1.25654508407018,0.472103883973768,0.859957410270513,1.13705744383181,0.41492252291443,1.48783800712827,0.750800579666941,-0.702046521451065,0.975919455556619,0.91720813427053,1.03179730645834,0.938037084832062,0.99727761586421,1.01767990339188,0.956065059866415,0.980159461524744,0.927747283615008,0.905965110736576,0.96453224254017,1.02783004952538,0.94386837781431,0.900579153606342,0.987220390407048,0.965252988382395,0.997874863855841,0.953085481856531,0.972876690219517,0.997564101077541,0.955192767355427,0.991913678247388,0.919174882350357,0.933255082032294,0.992848875204179
"55",-0.0849560924493105,0.403157418699146,0.263692724954182,-0.207745441274235,-0.6444139982577,1.07991450896566,0.491507344071466,0.104822731264302,0.307019719756291,0.321114734590694,0.0468295729037147,0.0812427459549669,0.182208866062283,1.05474163377489,-0.570931380952959,0.457898325281977,-0.217985461508939,-0.297591354746172,0.312740696044327,-2.18526564314123,-0.126091733008354,-0.116312270096135,-0.0549742562149336,-0.0631311559097891,-0.155886740430478,-0.114747314400278,-0.0886862441582525,-0.0778521007268127,-0.0673667151285784,-0.120872241286646,-0.132843890270731,-0.0884291732777901,-0.0994035704820096,-0.0736913045033622,-0.145305027903521,-0.077655618151796,-0.0898608527861751,-0.0804473936274708,-0.0684227281780594,0.00894635705757584,-0.131630133314058,-0.0714719190248977,-0.05813847289988,-0.095365162488051,0.0695080193847959
"56",-0.237694393849928,0.537953120825239,0.455724614663264,0.23480399362285,-0.659293373289157,0.201243887325008,1.0919872381345,-0.172505520834942,0.380430056975262,0.408464180961235,-0.301108984585235,-0.223574130450977,-0.569263460490196,-0.619607921536868,-0.595806073387282,-0.0489153656261862,0.273324342052648,0.121898414522913,-0.28059644628756,-1.76376486928475,-0.310956363285542,-0.287519075862988,-0.2662428597253,-0.218918783160488,-0.230096438975413,-0.332004585778778,-0.244210266657109,-0.229288108224704,-0.205821866213078,-0.288203790160521,-0.308860660560607,-0.229687311032277,-0.246163064848555,-0.144170997776654,-0.211202544113344,-0.226743107095306,-0.24306534663268,-0.234292457535685,-0.218501548363833,-0.152000661623521,-0.237407489271516,-0.28111968506584,-0.243004289256545,-0.224530465491212,-0.118491068736951
"57",1.55605754888188,0.975280063363202,1.51992107308359,1.89595470950479,-0.666608813506302,-0.00467206244033755,0.850726583938226,1.52241571621479,3.37329263032931,0.942652771752407,0.719724038544375,0.0270565361876598,2.50638949010341,-0.577878968299558,1.60315190883127,1.76664936380867,2.1486575686592,0.695442864938774,0.878101319121318,-1.41678446320656,1.56949099438285,1.51549656241351,1.53791571872274,1.61677323282026,1.69516826207917,1.56896763981271,1.54560285868713,1.56236396766753,1.55062187939886,1.35655605760929,1.56102871594889,1.55005396306705,1.5968820027672,1.42152584866648,1.65455813727167,1.57319831908104,1.55742989228116,1.57183894464548,1.57866239425592,1.52885257617699,1.5402963490746,1.45733090521083,1.59697563884476,1.51315626120425,1.62921696892693
"58",0.59971346940562,1.05218760165848,1.24456418841327,1.48967584766414,-0.568088828773155,0.64602366936506,1.00397358295277,0.360377320556368,1.49881477945907,1.03093051809166,0.398737410531178,0.397532796032261,0.0934936847230528,0.0458028055261541,0.144841335117858,0.733969523277825,1.04028346352347,0.210749535285976,0.268688182689551,-2.07531941509361,0.54009609418148,0.545469933151947,0.502601269246604,0.635084816005509,0.626555245495381,0.556307389491078,0.591846403266119,0.605305339185693,0.632152545862653,0.507119676137224,0.533134164585964,0.591441012302234,0.585031135275009,0.671619931266164,0.629085354782905,0.615837684966807,0.591574120776491,0.608152292166002,0.62098739891187,0.685279484859698,0.597213913903359,0.552869628700786,0.626920355059085,0.59262194657077,0.7288094236411
"59",-0.130834658058922,-0.0451435110375431,0.00193282163798073,-1.12619978250628,-0.746734212928278,-0.666520528640798,-1.41162156211425,-0.749531468477754,0.371594635861341,0.252802126800742,-0.694567041569637,0.185809932888222,1.23382181921751,-0.193776267183626,0.172406489076937,0.459880970852765,-0.284768893607012,-0.882019173167537,-0.0584158141876794,0.394092128862186,-0.129738140478206,-0.130476904177399,-0.0127481269947078,-0.102796079004744,-0.0984835426624087,-0.0128997785433517,-0.13071609739642,-0.12883214699467,-0.104084744583981,-0.17030392292919,-0.18393300788885,-0.0972291615493904,-0.143931403425813,-0.34518679007323,-0.131881603633534,-0.128183340021783,-0.123267968947456,-0.115335432648355,-0.132042748339074,-0.157538929734295,-0.186730208617458,-0.142280199402642,-0.0712909918533411,-0.133119480260832,-0.160349936607649
"60",-0.476810029866955,-0.226746223724897,-2.11106528639925,-1.26891128543766,0.0965389674575761,-1.29090306750037,-1.42094661346773,-0.455591335798523,-0.613311207083679,0.105071354514164,-1.87836126228983,-0.0632302253571408,1.55656500248,-0.840959390265905,0.52995175865925,0.0523440635535653,0.07036573070227,-1.96727500511244,0.428261809491869,0.484984364864513,-0.482905131728557,-0.382507088992514,-0.406334923314749,-0.493860023613355,-0.424977483520947,-0.385614589305792,-0.461609568254938,-0.498220322868859,-0.477063809764316,-0.462369725772716,-0.5317431872934,-0.387778114024114,-0.464189053689759,-0.728297593245265,-0.463784428579,-0.471721445006914,-0.451623198265264,-0.463246484245974,-0.494044774774498,-0.592722376122642,-0.50539558279005,-0.551199811503855,-0.368651128719171,-0.488680011278402,-0.486613984114669
"61",-2.41664066303132,-2.57900501634972,-1.37717758544556,-2.21065036283326,-0.842184364127631,-2.28941759296161,-1.2092623682511,-1.67357762560588,-1.72504558126429,-2.78771146652649,-0.917284061962731,-2.29765542324402,-1.034564176566,-2.29988136997055,-2.07200690083491,-2.29427243259351,-1.80552327629547,-0.999128677036812,1.32757174017746,0.594525202442962,-2.36065912349853,-2.44464461867236,-2.3810916889924,-2.44168346986003,-2.38953417762847,-2.43609838246779,-2.41780995267586,-2.3928912739089,-2.41269414615936,-2.42141873757649,-2.33451844750309,-2.43824259108688,-2.38057135014381,-2.44922362940678,-2.40333408786242,-2.41974987120922,-2.40722746749553,-2.43002393937252,-2.40248239837488,-2.39591298853583,-2.39833778029305,-2.40255825970223,-2.44869073367787,-2.46714575564122,-2.45008277616055
"62",-3.63209740592713,-3.50950772406522,-1.6335361018514,-3.59255630453116,-1.58324884064422,-3.44728661809317,-1.98324698786341,-3.19007203861142,-1.89938929983823,-3.22789613449899,-1.16557874780889,-2.94274128579373,-1.12125761164406,-3.9753190275336,-3.57384983182741,-3.08338142459162,-2.47071637913826,-2.36376072851923,0.709943960733608,0.278840281614796,-3.56446423021682,-3.694552135157,-3.53038173182614,-3.65304429115381,-3.57614676026934,-3.64498171098538,-3.6308828789477,-3.61252717086053,-3.57457151468191,-3.69816962074728,-3.58905757418544,-3.68211728876676,-3.6074174793019,-3.75848424385903,-3.58266098036019,-3.63752079324782,-3.61860604990645,-3.64351801135623,-3.62406461914647,-3.56049723363546,-3.62502437511936,-3.64534410809215,-3.63135274785412,-3.65898238635394,-3.63376233900806
"63",-2.04299022391936,-1.35704226150219,-1.08436622727188,-2.24907138741994,-1.29404140802921,-1.78756603214315,-1.41623278802309,-0.943360884644248,-0.137622945494213,-1.48301274415738,-1.830103428832,-0.708510710169202,-0.318577112502911,-1.70007531956992,-2.05842873993482,-1.06369281733785,-2.29713957440925,-3.64120661318208,0.333918114526694,0.315223402526065,-2.03829176791338,-2.06641387019817,-1.99268634467285,-2.04024859481913,-2.04496276127356,-2.00742349262896,-2.04046194971647,-2.05654122502869,-2.0692645060474,-2.15979581294628,-2.03635180340712,-2.01752562815916,-2.06799884170717,-2.15205250067013,-2.04349397243156,-2.03665267101185,-2.01741277663393,-2.03823375222669,-2.04068331284755,-1.99270790780771,-2.06093769708452,-1.99688091465218,-1.89400661583014,-2.06227545794012,-2.04820502086201
"64",-3.25655003701445,-3.30463332856462,-1.33829715218697,-2.13659532595324,-2.19375862986751,-2.67540419265126,-1.82912589178854,-2.04157413581963,-1.88563371055016,-2.46257311086578,-2.14534487562853,-1.90326556743582,-1.45406573946733,-2.46362716358886,-2.19929452873517,-2.01357339759305,-3.39401655012749,-2.95213552897812,0.687341361530996,-1.01171181450596,-3.19062731920005,-3.3058910656254,-3.37036847029792,-3.2488986864706,-3.25433562090982,-3.25708207011461,-3.25715800920628,-3.25085741168261,-3.25867750437213,-3.30158010752887,-3.25157483943031,-3.24651876994677,-3.27533203303338,-3.19582553646941,-3.2713818673062,-3.25882631429406,-3.2386439728694,-3.26395427382304,-3.24628818542642,-3.29368854139903,-3.28853018685498,-3.158024580246,-3.1941422106365,-3.28394519607724,-3.15911923225192
"65",-1.69657123695843,-0.752452923814906,-2.07419221803073,-2.20500164371182,-1.68113909385538,-2.1244008833814,-1.43044440190125,-1.69416415806864,-2.22227305162948,-1.00751977488918,-2.26224169137642,-0.962864206663422,-0.139322121991355,-1.60546653916988,-0.691396031312206,-1.26924942257463,-1.15832464273783,-1.72255865248954,0.149467496718486,-0.0398044982949214,-1.73194032632247,-1.64857775783934,-1.64575695684304,-1.67758747339,-1.6556759303635,-1.68235624980674,-1.69988103297558,-1.74280648157589,-1.67105010497583,-1.64467779264456,-1.72675831054015,-1.61961158762446,-1.70897000546518,-1.81790398005061,-1.68579045312887,-1.67292392524752,-1.696290541115,-1.66402786324569,-1.72097859071329,-1.80405425856275,-1.70565742774409,-1.72699273946227,-1.65770407153558,-1.71168931463331,-1.66923030227046
"66",-1.76489985337512,-0.606337040791561,-1.94239907041987,-1.79629532042619,-2.63467657350549,-1.5282199373302,-0.898623138235253,-1.68030884576732,-2.27736131012244,-0.520218064613529,-2.68943686234787,-0.960279108729536,-0.0920235598974879,-1.408819637282,-1.26132069386538,-1.00084074685426,-1.53821753354792,-1.4448469720201,0.657127790449771,-1.03499855235617,-1.8120567726139,-1.71172531825318,-1.75583061101997,-1.70346603503445,-1.74835364956559,-1.79490124185418,-1.77730541331493,-1.77481215221407,-1.73302854562824,-1.70276539192173,-1.87218977251554,-1.67193976108346,-1.79442678918872,-1.8778568315035,-1.75981853857876,-1.75319007124985,-1.78385631758093,-1.72261274816952,-1.76048978565812,-1.8229320846848,-1.81018929674987,-1.74229807897473,-1.74525244243364,-1.79174254294541,-1.67242968241319
