79,29,57
79,30,57
79,30,58
79,35,74
79,35,75
79,35,76
79,35,77
79,36,73
79,36,74
79,36,75
79,36,76
79,36,77
79,37,72
79,37,73
79,37,74
79,37,75
79,37,76
79,38,71
79,38,72
79,38,73
79,38,74
79,38,75
79,38,76
79,39,71
79,39,72
79,39,73
79,39,74
79,39,75
79,40,71
79,40,72
79,40,73
79,40,74
80,27,57
80,28,57
80,28,61
80,29,56
80,29,57
80,29,58
80,29,59
80,29,60
80,29,61
80,30,56
80,30,57
80,30,58
80,30,59
80,30,60
80,31,57
80,31,58
80,31,59
80,31,60
80,32,57
80,32,58
80,32,59
80,33,76
80,33,77
80,33,78
80,34,75
80,34,76
80,34,77
80,34,78
80,35,73
80,35,74
80,35,75
80,35,76
80,35,77
80,35,78
80,36,73
80,36,74
80,36,75
80,36,76
80,36,77
80,36,78
80,37,71
80,37,72
80,37,73
80,37,74
80,37,75
80,37,76
80,38,71
80,38,72
80,38,73
80,38,74
80,38,75
80,38,76
80,39,70
80,39,71
80,39,72
80,39,73
80,39,74
80,39,75
80,40,70
80,40,71
80,40,72
80,40,74
81,24,65
81,24,66
81,25,63
81,25,64
81,25,65
81,25,66
81,25,67
81,25,68
81,26,56
81,26,62
81,26,63
81,26,64
81,26,65
81,26,66
81,26,67
81,26,68
81,26,69
81,26,70
81,27,56
81,27,57
81,27,60
81,27,61
81,27,62
81,27,63
81,27,64
81,27,67
81,27,68
81,27,69
81,27,70
81,27,71
81,27,72
81,27,73
81,28,56
81,28,57
81,28,59
81,28,60
81,28,61
81,28,62
81,28,63
81,28,68
81,28,69
81,28,70
81,28,71
81,28,72
81,28,73
81,28,74
81,29,56
81,29,57
81,29,58
81,29,59
81,29,60
81,29,61
81,29,62
81,29,67
81,29,68
81,29,69
81,29,70
81,29,71
81,29,72
81,29,73
81,29,74
81,29,75
81,29,76
81,30,57
81,30,58
81,30,59
81,30,60
81,30,61
81,30,62
81,30,67
81,30,68
81,30,69
81,30,70
81,30,71
81,30,72
81,30,73
81,30,74
81,30,75
81,30,76
81,30,77
81,30,78
81,31,58
81,31,59
81,31,60
81,31,61
81,31,66
81,31,67
81,31,68
81,31,69
81,31,70
81,31,71
81,31,72
81,31,73
81,31,74
81,31,75
81,31,76
81,31,77
81,31,78
81,31,79
81,31,80
81,32,59
81,32,60
81,32,66
81,32,67
81,32,68
81,32,69
81,32,70
81,32,71
81,32,75
81,32,76
81,32,77
81,32,78
81,32,79
81,32,80
81,33,59
81,33,60
81,33,65
81,33,66
81,33,67
81,33,68
81,33,69
81,33,74
81,33,75
81,33,76
81,33,77
81,33,78
81,33,79
81,33,80
81,34,62
81,34,65
81,34,66
81,34,67
81,34,68
81,34,73
81,34,74
81,34,75
81,34,76
81,34,77
81,34,78
81,34,79
81,34,80
81,35,62
81,35,63
81,35,64
81,35,65
81,35,66
81,35,67
81,35,72
81,35,73
81,35,74
81,35,75
81,35,76
81,35,77
81,35,78
81,35,79
81,36,62
81,36,63
81,36,64
81,36,65
81,36,66
81,36,71
81,36,72
81,36,73
81,36,74
81,36,76
81,36,77
81,36,78
81,37,63
81,37,64
81,37,65
81,37,71
81,37,72
81,37,75
81,37,76
81,37,77
81,38,64
81,38,65
81,38,66
81,38,70
81,38,71
81,38,72
81,38,75
81,38,76
81,39,65
81,39,66
81,39,69
81,39,70
81,39,71
81,39,74
81,39,75
81,40,65
81,40,66
81,40,67
81,40,68
81,40,69
81,40,70
81,40,74
81,40,75
81,46,72
81,46,77
81,47,73
81,47,74
81,47,75
81,47,76
81,47,77
81,48,73
81,48,74
81,48,75
81,48,76
81,48,77
81,49,74
81,49,75
81,49,76
81,50,75
81,50,76
82,23,65
82,24,63
82,24,64
82,24,65
82,24,66
82,24,67
82,25,62
82,25,63
82,25,64
82,25,65
82,25,66
82,25,67
82,25,68
82,25,69
82,25,70
82,26,56
82,26,61
82,26,62
82,26,63
82,26,64
82,26,65
82,26,66
82,26,67
82,26,68
82,26,69
82,26,70
82,26,71
82,26,72
82,27,56
82,27,60
82,27,61
82,27,62
82,27,63
82,27,64
82,27,65
82,27,66
82,27,67
82,27,68
82,27,69
82,27,70
82,27,71
82,27,72
82,27,73
82,27,74
82,28,56
82,28,57
82,28,59
82,28,60
82,28,61
82,28,62
82,28,63
82,28,64
82,28,65
82,28,66
82,28,67
82,28,68
82,28,69
82,28,70
82,28,71
82,28,72
82,28,73
82,28,74
82,28,75
82,29,56
82,29,57
82,29,58
82,29,59
82,29,60
82,29,61
82,29,62
82,29,63
82,29,67
82,29,68
82,29,69
82,29,70
82,29,71
82,29,72
82,29,73
82,29,74
82,29,75
82,29,76
82,29,77
82,29,78
82,30,57
82,30,58
82,30,59
82,30,60
82,30,61
82,30,62
82,30,63
82,30,66
82,30,67
82,30,68
82,30,69
82,30,70
82,30,71
82,30,72
82,30,73
82,30,74
82,30,75
82,30,76
82,30,77
82,30,78
82,30,79
82,31,60
82,31,61
82,31,62
82,31,65
82,31,66
82,31,67
82,31,68
82,31,69
82,31,70
82,31,71
82,31,72
82,31,73
82,31,74
82,31,75
82,31,76
82,31,77
82,31,78
82,31,79
82,31,80
82,32,59
82,32,60
82,32,61
82,32,65
82,32,66
82,32,67
82,32,68
82,32,69
82,32,70
82,32,71
82,32,72
82,32,73
82,32,74
82,32,75
82,32,76
82,32,77
82,32,78
82,32,79
82,32,80
82,32,81
82,33,60
82,33,61
82,33,64
82,33,65
82,33,66
82,33,67
82,33,68
82,33,69
82,33,70
82,33,71
82,33,72
82,33,73
82,33,74
82,33,75
82,33,76
82,33,77
82,33,78
82,33,79
82,33,80
82,33,81
82,34,60
82,34,61
82,34,62
82,34,63
82,34,64
82,34,65
82,34,66
82,34,67
82,34,68
82,34,69
82,34,70
82,34,71
82,34,72
82,34,73
82,34,74
82,34,75
82,34,76
82,34,77
82,34,78
82,34,79
82,34,80
82,34,81
82,35,61
82,35,62
82,35,63
82,35,64
82,35,65
82,35,66
82,35,67
82,35,68
82,35,69
82,35,70
82,35,71
82,35,72
82,35,73
82,35,74
82,35,75
82,35,77
82,35,78
82,35,79
82,35,80
82,36,62
82,36,63
82,36,64
82,36,65
82,36,66
82,36,67
82,36,68
82,36,69
82,36,70
82,36,71
82,36,72
82,36,73
82,36,74
82,36,77
82,36,78
82,36,79
82,37,64
82,37,65
82,37,66
82,37,67
82,37,68
82,37,69
82,37,70
82,37,71
82,37,72
82,37,75
82,37,76
82,37,77
82,38,64
82,38,65
82,38,66
82,38,67
82,38,68
82,38,69
82,38,70
82,38,71
82,38,72
82,38,75
82,38,76
82,39,65
82,39,66
82,39,67
82,39,68
82,39,69
82,39,70
82,39,75
82,40,67
82,40,68
82,40,69
82,40,70
82,40,74
82,40,75
82,41,74
82,44,72
82,45,72
82,45,76
82,45,78
82,46,72
82,46,74
82,46,75
82,46,76
82,46,77
82,46,78
82,47,73
82,47,74
82,47,75
82,47,76
82,47,77
82,47,78
82,48,74
82,48,75
82,48,76
82,48,77
82,48,78
82,49,74
82,49,75
82,49,76
82,49,77
82,50,73
82,50,74
82,50,75
82,50,76
83,23,63
83,23,64
83,23,65
83,23,66
83,24,62
83,24,63
83,24,64
83,24,65
83,24,66
83,24,67
83,24,68
83,25,56
83,25,61
83,25,62
83,25,63
83,25,64
83,25,65
83,25,66
83,25,67
83,25,68
83,25,69
83,25,70
83,26,56
83,26,61
83,26,62
83,26,63
83,26,64
83,26,65
83,26,66
83,26,67
83,26,68
83,26,69
83,26,70
83,26,71
83,26,72
83,27,56
83,27,57
83,27,60
83,27,61
83,27,62
83,27,63
83,27,64
83,27,65
83,27,66
83,27,67
83,27,69
83,27,70
83,27,71
83,27,72
83,27,73
83,27,74
83,28,56
83,28,57
83,28,58
83,28,59
83,28,60
83,28,61
83,28,63
83,28,64
83,28,65
83,28,66
83,28,67
83,28,68
83,28,70
83,28,71
83,28,72
83,28,73
83,28,74
83,28,75
83,28,76
83,29,57
83,29,58
83,29,59
83,29,60
83,29,62
83,29,63
83,29,64
83,29,65
83,29,66
83,29,67
83,29,68
83,29,73
83,29,74
83,29,75
83,29,76
83,29,77
83,29,78
83,30,57
83,30,58
83,30,59
83,30,62
83,30,63
83,30,64
83,30,65
83,30,66
83,30,67
83,30,68
83,30,74
83,30,75
83,30,76
83,30,77
83,30,78
83,30,79
83,31,61
83,31,62
83,31,63
83,31,64
83,31,65
83,31,66
83,31,67
83,31,73
83,31,74
83,31,75
83,31,76
83,31,77
83,31,78
83,31,79
83,31,80
83,32,61
83,32,62
83,32,63
83,32,64
83,32,65
83,32,66
83,32,71
83,32,72
83,32,73
83,32,74
83,32,75
83,32,76
83,32,77
83,32,78
83,32,79
83,32,80
83,32,81
83,33,61
83,33,62
83,33,63
83,33,64
83,33,65
83,33,69
83,33,70
83,33,71
83,33,72
83,33,73
83,33,74
83,33,75
83,33,79
83,33,80
83,33,81
83,33,82
83,34,61
83,34,62
83,34,63
83,34,64
83,34,69
83,34,70
83,34,71
83,34,72
83,34,73
83,34,74
83,34,75
83,34,79
83,34,80
83,34,81
83,34,82
83,35,67
83,35,68
83,35,69
83,35,70
83,35,71
83,35,72
83,35,73
83,35,74
83,35,79
83,35,80
83,35,81
83,35,82
83,36,67
83,36,68
83,36,69
83,36,70
83,36,71
83,36,72
83,36,77
83,36,78
83,36,79
83,36,80
83,36,81
83,37,67
83,37,68
83,37,69
83,37,70
83,37,76
83,37,77
83,37,78
83,38,67
83,38,69
83,38,70
83,38,75
83,38,76
83,39,74
83,39,75
83,40,73
83,40,74
83,41,73
83,41,74
83,42,72
83,42,73
83,43,71
83,43,72
83,44,71
83,44,72
83,45,71
83,45,72
83,45,73
83,45,74
83,45,75
83,45,76
83,45,77
83,45,78
83,45,79
83,45,80
83,46,71
83,46,72
83,46,73
83,46,74
83,46,75
83,46,76
83,46,77
83,46,78
83,46,79
83,46,80
83,47,77
83,47,78
83,47,79
83,47,80
83,48,77
83,48,78
83,48,79
83,49,73
83,49,74
83,49,75
83,49,76
83,49,77
83,49,78
83,50,72
83,50,73
83,50,74
83,50,75
83,50,76
84,23,62
84,23,63
84,23,64
84,23,65
84,24,61
84,24,62
84,24,63
84,24,64
84,24,65
84,24,66
84,24,67
84,25,56
84,25,57
84,25,60
84,25,61
84,25,62
84,25,63
84,25,64
84,25,65
84,25,66
84,25,67
84,25,68
84,25,69
84,25,70
84,26,56
84,26,57
84,26,60
84,26,61
84,26,62
84,26,67
84,26,68
84,26,69
84,26,70
84,26,71
84,27,56
84,27,57
84,27,60
84,27,61
84,27,69
84,27,70
84,27,71
84,27,72
84,27,73
84,27,74
84,28,57
84,28,58
84,28,59
84,28,60
84,28,61
84,28,63
84,28,64
84,28,65
84,28,66
84,28,69
84,28,70
84,28,71
84,28,72
84,28,73
84,28,74
84,28,75
84,29,57
84,29,58
84,29,59
84,29,60
84,29,63
84,29,64
84,29,65
84,29,66
84,29,70
84,29,71
84,29,72
84,29,73
84,29,74
84,29,75
84,29,76
84,29,77
84,29,78
84,30,58
84,30,59
84,30,63
84,30,64
84,30,65
84,30,66
84,30,67
84,30,69
84,30,70
84,30,71
84,30,75
84,30,76
84,30,77
84,30,78
84,31,55
84,31,62
84,31,63
84,31,64
84,31,65
84,31,66
84,31,76
84,31,77
84,31,78
84,31,79
84,31,80
84,32,55
84,32,62
84,32,63
84,32,64
84,32,65
84,32,77
84,32,78
84,32,79
84,32,80
84,32,81
84,33,63
84,33,64
84,33,71
84,33,73
84,33,79
84,33,80
84,33,81
84,33,82
84,34,71
84,34,72
84,34,73
84,34,79
84,34,80
84,34,81
84,34,82
84,35,69
84,35,70
84,35,79
84,35,80
84,35,81
84,35,82
84,36,70
84,36,77
84,36,78
84,36,79
84,36,80
84,36,81
84,36,82
84,37,77
84,37,78
84,37,79
84,37,80
84,38,75
84,38,76
84,38,77
84,38,78
84,38,79
84,39,74
84,39,75
84,39,76
84,40,73
84,40,74
84,41,73
84,41,74
84,42,73
84,43,72
84,43,73
84,44,71
84,44,72
84,44,73
84,44,80
84,44,81
84,45,71
84,45,72
84,45,73
84,45,74
84,45,75
84,45,76
84,45,77
84,45,78
84,45,79
84,45,80
84,45,81
84,45,82
84,46,73
84,46,74
84,46,75
84,46,76
84,46,78
84,46,79
84,46,80
84,46,81
84,47,78
84,47,79
84,47,80
84,48,77
84,48,78
84,48,79
84,48,80
84,49,73
84,49,74
84,49,75
84,49,76
84,49,77
84,49,78
84,50,72
84,50,73
84,50,74
84,50,75
84,50,76
85,23,57
85,23,61
85,23,62
85,24,55
85,24,56
85,24,57
85,24,58
85,24,59
85,24,60
85,24,61
85,24,62
85,24,63
85,24,64
85,24,65
85,25,56
85,25,57
85,25,58
85,25,59
85,25,60
85,25,61
85,25,62
85,25,63
85,25,64
85,25,65
85,25,66
85,25,67
85,25,68
85,26,56
85,26,57
85,26,58
85,26,59
85,26,60
85,26,61
85,26,62
85,26,63
85,26,64
85,26,65
85,26,66
85,26,67
85,26,68
85,26,69
85,26,70
85,27,53
85,27,54
85,27,57
85,27,58
85,27,59
85,27,60
85,27,65
85,27,67
85,27,68
85,27,69
85,27,70
85,27,71
85,27,72
85,28,53
85,28,54
85,28,57
85,28,58
85,28,59
85,28,60
85,28,67
85,28,68
85,28,69
85,28,70
85,28,71
85,28,72
85,28,73
85,28,74
85,29,53
85,29,54
85,29,55
85,29,56
85,29,59
85,29,69
85,29,70
85,29,71
85,29,72
85,29,73
85,29,74
85,29,75
85,29,76
85,30,53
85,30,54
85,30,55
85,30,56
85,30,69
85,30,70
85,30,71
85,30,72
85,30,73
85,30,74
85,30,75
85,30,76
85,30,77
85,31,54
85,31,55
85,31,56
85,31,57
85,31,69
85,31,70
85,31,71
85,31,72
85,31,75
85,31,76
85,31,77
85,31,78
85,31,79
85,32,55
85,32,56
85,32,57
85,32,68
85,32,69
85,32,70
85,32,71
85,32,75
85,32,76
85,32,77
85,32,78
85,32,79
85,32,80
85,33,55
85,33,56
85,33,57
85,33,58
85,33,59
85,33,69
85,33,70
85,33,75
85,33,76
85,33,77
85,33,78
85,33,79
85,33,80
85,33,81
85,33,82
85,34,55
85,34,56
85,34,57
85,34,58
85,34,59
85,34,60
85,34,75
85,34,76
85,34,77
85,34,78
85,34,79
85,34,80
85,34,81
85,34,82
85,35,56
85,35,57
85,35,58
85,35,59
85,35,60
85,35,61
85,35,76
85,35,77
85,35,80
85,35,81
85,35,82
85,36,57
85,36,58
85,36,59
85,36,60
85,36,61
85,36,62
85,36,81
85,36,82
85,37,57
85,37,58
85,37,59
85,37,60
85,37,61
85,37,79
85,37,80
85,37,81
85,37,82
85,38,57
85,38,58
85,38,59
85,38,60
85,38,77
85,38,78
85,38,79
85,38,80
85,38,81
85,38,82
85,39,57
85,39,58
85,39,59
85,39,60
85,39,76
85,39,77
85,39,78
85,39,79
85,39,80
85,40,56
85,40,58
85,40,75
85,40,76
85,40,77
85,40,78
85,41,73
85,41,74
85,41,75
85,41,76
85,42,73
85,42,74
85,42,75
85,42,76
85,43,73
85,43,74
85,43,75
85,43,76
85,43,79
85,43,80
85,43,81
85,43,82
85,43,83
85,43,84
85,44,65
85,44,73
85,44,74
85,44,75
85,44,76
85,44,77
85,44,78
85,44,79
85,44,80
85,44,81
85,44,82
85,44,83
85,44,84
85,45,64
85,45,65
85,45,74
85,45,75
85,45,76
85,45,77
85,45,78
85,45,79
85,45,80
85,45,81
85,45,82
85,45,83
85,46,64
85,46,79
85,46,80
85,46,81
85,46,82
85,47,78
85,47,79
85,47,80
85,47,81
85,48,76
85,48,77
85,48,78
85,48,79
85,48,80
85,49,73
85,49,74
85,49,75
85,49,76
85,49,77
85,50,72
85,50,73
85,50,74
85,50,75
85,51,71
85,51,72
85,51,73
85,52,72
86,23,54
86,23,55
86,23,56
86,23,57
86,24,53
86,24,54
86,24,55
86,24,56
86,24,57
86,24,58
86,24,59
86,24,60
86,24,61
86,24,62
86,24,63
86,24,64
86,25,53
86,25,56
86,25,57
86,25,58
86,25,59
86,25,60
86,25,61
86,25,62
86,25,63
86,25,64
86,25,65
86,25,66
86,25,67
86,25,68
86,26,53
86,26,57
86,26,58
86,26,59
86,26,60
86,26,61
86,26,62
86,26,63
86,26,64
86,26,65
86,26,66
86,26,67
86,26,68
86,26,69
86,27,53
86,27,54
86,27,57
86,27,58
86,27,59
86,27,60
86,27,63
86,27,64
86,27,65
86,27,66
86,27,67
86,27,68
86,27,69
86,27,70
86,27,71
86,28,53
86,28,54
86,28,58
86,28,59
86,28,60
86,28,63
86,28,64
86,28,65
86,28,66
86,28,67
86,28,68
86,28,69
86,28,70
86,28,71
86,28,72
86,28,73
86,29,53
86,29,54
86,29,55
86,29,56
86,29,69
86,29,70
86,29,71
86,29,72
86,29,73
86,29,74
86,29,75
86,29,76
86,30,54
86,30,55
86,30,56
86,30,68
86,30,69
86,30,70
86,30,71
86,30,72
86,30,73
86,30,74
86,30,75
86,30,76
86,31,55
86,31,56
86,31,57
86,31,68
86,31,69
86,31,70
86,31,71
86,31,72
86,31,73
86,31,74
86,31,75
86,31,76
86,31,77
86,31,78
86,32,55
86,32,56
86,32,57
86,32,58
86,32,67
86,32,68
86,32,69
86,32,70
86,32,71
86,32,72
86,32,75
86,32,76
86,32,77
86,32,78
86,32,79
86,33,55
86,33,56
86,33,57
86,33,58
86,33,59
86,33,60
86,33,62
86,33,68
86,33,69
86,33,70
86,33,75
86,33,76
86,33,77
86,33,78
86,33,79
86,33,80
86,33,81
86,34,55
86,34,56
86,34,57
86,34,58
86,34,59
86,34,60
86,34,61
86,34,62
86,34,68
86,34,69
86,34,70
86,34,75
86,34,76
86,34,77
86,34,78
86,34,79
86,34,80
86,34,81
86,34,82
86,35,55
86,35,56
86,35,57
86,35,58
86,35,59
86,35,60
86,35,61
86,35,62
86,35,74
86,35,75
86,35,76
86,35,77
86,35,78
86,35,80
86,35,81
86,35,82
86,36,56
86,36,57
86,36,58
86,36,59
86,36,60
86,36,61
86,36,62
86,36,73
86,36,74
86,36,75
86,36,76
86,36,77
86,36,81
86,36,82
86,36,83
86,37,57
86,37,58
86,37,59
86,37,60
86,37,61
86,37,62
86,37,73
86,37,74
86,37,75
86,37,80
86,37,81
86,37,82
86,38,57
86,38,58
86,38,59
86,38,60
86,38,61
86,38,62
86,38,79
86,38,80
86,38,81
86,38,82
86,38,83
86,39,57
86,39,58
86,39,59
86,39,60
86,39,61
86,39,77
86,39,78
86,39,79
86,39,80
86,39,81
86,39,82
86,39,83
86,39,84
86,40,56
86,40,57
86,40,58
86,40,59
86,40,60
86,40,76
86,40,77
86,40,78
86,40,79
86,40,80
86,40,81
86,40,82
86,40,83
86,40,84
86,41,55
86,41,56
86,41,57
86,41,75
86,41,76
86,41,77
86,41,78
86,41,79
86,41,80
86,41,81
86,41,82
86,41,83
86,41,84
86,42,55
86,42,75
86,42,76
86,42,77
86,42,78
86,42,79
86,42,80
86,42,81
86,42,82
86,42,83
86,42,84
86,43,64
86,43,65
86,43,66
86,43,67
86,43,68
86,43,74
86,43,75
86,43,76
86,43,77
86,43,78
86,43,79
86,43,80
86,43,81
86,43,82
86,43,83
86,43,84
86,44,64
86,44,65
86,44,66
86,44,67
86,44,68
86,44,75
86,44,76
86,44,77
86,44,78
86,44,79
86,44,80
86,44,81
86,44,82
86,44,83
86,44,84
86,45,63
86,45,64
86,45,65
86,45,66
86,45,67
86,45,68
86,45,79
86,45,80
86,45,81
86,45,82
86,45,83
86,45,84
86,46,61
86,46,62
86,46,63
86,46,64
86,46,65
86,46,66
86,46,80
86,46,81
86,46,82
86,46,83
86,47,59
86,47,60
86,47,61
86,47,62
86,47,63
86,47,64
86,47,77
86,47,78
86,47,79
86,47,80
86,47,81
86,47,82
86,48,60
86,48,61
86,48,62
86,48,63
86,48,64
86,48,76
86,48,77
86,48,78
86,48,79
86,48,80
86,48,81
86,49,73
86,49,74
86,49,75
86,49,76
86,49,77
86,50,72
86,50,73
86,50,74
86,50,75
86,50,76
86,51,71
86,51,72
86,51,73
86,51,74
87,23,53
87,23,54
87,23,55
87,23,56
87,24,53
87,24,54
87,24,55
87,24,56
87,24,57
87,24,58
87,24,59
87,24,60
87,25,53
87,25,54
87,25,57
87,25,58
87,25,59
87,25,60
87,25,61
87,25,62
87,25,63
87,25,64
87,26,53
87,26,54
87,26,57
87,26,58
87,26,59
87,26,60
87,26,61
87,26,62
87,26,63
87,26,64
87,26,65
87,26,66
87,26,67
87,27,53
87,27,54
87,27,55
87,27,61
87,27,62
87,27,63
87,27,64
87,27,65
87,27,66
87,27,67
87,27,68
87,27,69
87,27,70
87,28,54
87,28,55
87,28,56
87,28,62
87,28,63
87,28,64
87,28,65
87,28,66
87,28,67
87,28,68
87,28,69
87,28,70
87,29,55
87,29,56
87,29,57
87,29,63
87,29,64
87,29,65
87,29,66
87,29,67
87,29,68
87,29,69
87,29,70
87,29,73
87,29,74
87,30,55
87,30,56
87,30,57
87,30,58
87,30,63
87,30,64
87,30,65
87,30,66
87,30,68
87,30,69
87,30,70
87,30,72
87,30,73
87,30,74
87,30,75
87,31,56
87,31,57
87,31,58
87,31,61
87,31,62
87,31,63
87,31,64
87,31,65
87,31,67
87,31,68
87,31,69
87,31,71
87,31,72
87,31,73
87,31,74
87,31,75
87,31,76
87,31,77
87,32,56
87,32,57
87,32,58
87,32,59
87,32,60
87,32,61
87,32,62
87,32,63
87,32,64
87,32,67
87,32,68
87,32,71
87,32,72
87,32,73
87,32,74
87,32,75
87,32,76
87,32,77
87,32,78
87,33,57
87,33,58
87,33,59
87,33,60
87,33,61
87,33,62
87,33,63
87,33,64
87,33,67
87,33,68
87,33,71
87,33,72
87,33,75
87,33,76
87,33,77
87,33,78
87,33,79
87,33,80
87,34,59
87,34,60
87,34,61
87,34,62
87,34,63
87,34,64
87,34,67
87,34,68
87,34,70
87,34,71
87,34,74
87,34,75
87,34,76
87,34,77
87,34,78
87,34,79
87,34,80
87,35,61
87,35,62
87,35,63
87,35,64
87,35,67
87,35,68
87,35,69
87,35,70
87,35,73
87,35,74
87,35,75
87,35,76
87,35,77
87,35,78
87,35,79
87,35,80
87,35,81
87,35,82
87,36,61
87,36,62
87,36,63
87,36,64
87,36,67
87,36,68
87,36,72
87,36,73
87,36,74
87,36,75
87,36,76
87,36,77
87,36,78
87,36,79
87,36,80
87,36,81
87,36,82
87,37,61
87,37,62
87,37,71
87,37,72
87,37,73
87,37,74
87,37,75
87,37,76
87,37,77
87,37,78
87,37,81
87,37,82
87,37,83
87,38,61
87,38,62
87,38,71
87,38,72
87,38,73
87,38,74
87,38,75
87,38,76
87,38,77
87,38,81
87,38,82
87,38,83
87,38,84
87,39,57
87,39,59
87,39,60
87,39,61
87,39,62
87,39,71
87,39,72
87,39,73
87,39,74
87,39,79
87,39,80
87,39,81
87,39,82
87,39,83
87,39,84
87,40,54
87,40,55
87,40,56
87,40,57
87,40,58
87,40,59
87,40,60
87,40,70
87,40,71
87,40,72
87,40,73
87,40,78
87,40,79
87,40,80
87,40,81
87,40,82
87,40,83
87,40,84
87,40,85
87,41,53
87,41,54
87,41,55
87,41,56
87,41,57
87,41,58
87,41,65
87,41,66
87,41,67
87,41,68
87,41,69
87,41,70
87,41,71
87,41,72
87,41,77
87,41,78
87,41,79
87,41,80
87,41,81
87,41,82
87,41,83
87,41,84
87,41,85
87,41,86
87,42,53
87,42,54
87,42,55
87,42,56
87,42,63
87,42,64
87,42,65
87,42,66
87,42,67
87,42,68
87,42,69
87,42,70
87,42,71
87,42,72
87,42,77
87,42,78
87,42,79
87,42,80
87,42,81
87,42,82
87,42,83
87,42,84
87,42,85
87,42,86
87,43,63
87,43,64
87,43,65
87,43,66
87,43,67
87,43,68
87,43,69
87,43,70
87,43,77
87,43,78
87,43,79
87,43,80
87,43,81
87,43,82
87,43,83
87,43,84
87,43,85
87,43,86
87,44,62
87,44,63
87,44,64
87,44,65
87,44,66
87,44,67
87,44,68
87,44,69
87,44,70
87,44,78
87,44,79
87,44,80
87,44,81
87,44,82
87,44,83
87,44,84
87,44,85
87,44,86
87,45,59
87,45,60
87,45,61
87,45,62
87,45,63
87,45,64
87,45,66
87,45,67
87,45,68
87,45,69
87,45,81
87,45,82
87,45,83
87,45,84
87,45,85
87,46,58
87,46,59
87,46,60
87,46,61
87,46,62
87,46,66
87,46,67
87,46,68
87,46,81
87,46,82
87,46,83
87,46,84
87,47,57
87,47,58
87,47,59
87,47,60
87,47,65
87,47,66
87,47,67
87,47,79
87,47,80
87,47,81
87,47,82
87,47,83
87,48,57
87,48,58
87,48,59
87,48,60
87,48,61
87,48,62
87,48,63
87,48,64
87,48,65
87,48,66
87,48,77
87,48,78
87,48,79
87,48,80
87,48,81
87,48,82
87,49,58
87,49,59
87,49,60
87,49,61
87,49,62
87,49,63
87,49,77
87,49,78
87,49,79
87,50,76
87,50,77
87,50,78
87,51,76
88,23,55
88,24,53
88,24,54
88,24,55
88,24,56
88,24,57
88,24,58
88,25,53
88,25,54
88,25,55
88,25,56
88,25,57
88,25,58
88,25,59
88,25,60
88,25,61
88,25,62
88,25,63
88,26,53
88,26,54
88,26,55
88,26,56
88,26,57
88,26,58
88,26,59
88,26,60
88,26,61
88,26,62
88,26,63
88,26,64
88,27,54
88,27,55
88,27,56
88,27,59
88,27,60
88,27,61
88,27,62
88,27,63
88,27,64
88,27,65
88,27,66
88,27,67
88,27,68
88,27,69
88,28,54
88,28,55
88,28,56
88,28,61
88,28,62
88,28,63
88,28,64
88,28,65
88,28,66
88,28,67
88,28,68
88,28,69
88,28,70
88,29,55
88,29,56
88,29,57
88,29,58
88,29,62
88,29,63
88,29,64
88,29,65
88,29,66
88,29,67
88,29,68
88,29,69
88,29,70
88,30,56
88,30,57
88,30,58
88,30,62
88,30,63
88,30,64
88,30,65
88,30,66
88,30,67
88,30,68
88,30,69
88,30,70
88,30,72
88,30,73
88,30,74
88,31,57
88,31,58
88,31,59
88,31,60
88,31,61
88,31,62
88,31,63
88,31,64
88,31,65
88,31,67
88,31,68
88,31,69
88,31,71
88,31,72
88,31,73
88,31,74
88,31,75
88,31,76
88,32,57
88,32,58
88,32,59
88,32,60
88,32,61
88,32,62
88,32,63
88,32,64
88,32,65
88,32,67
88,32,68
88,32,71
88,32,72
88,32,73
88,32,74
88,32,75
88,32,76
88,32,77
88,33,58
88,33,59
88,33,60
88,33,61
88,33,62
88,33,63
88,33,64
88,33,67
88,33,68
88,33,71
88,33,72
88,33,75
88,33,76
88,33,77
88,33,78
88,34,61
88,34,62
88,34,63
88,34,64
88,34,66
88,34,67
88,34,70
88,34,71
88,34,74
88,34,75
88,34,76
88,34,77
88,34,78
88,34,79
88,34,80
88,35,62
88,35,63
88,35,64
88,35,66
88,35,67
88,35,68
88,35,69
88,35,70
88,35,73
88,35,74
88,35,75
88,35,76
88,35,77
88,35,78
88,35,79
88,35,80
88,35,81
88,36,62
88,36,63
88,36,64
88,36,67
88,36,68
88,36,72
88,36,73
88,36,74
88,36,77
88,36,78
88,36,79
88,36,80
88,36,81
88,36,82
88,37,61
88,37,62
88,37,63
88,37,71
88,37,72
88,37,73
88,37,74
88,37,76
88,37,77
88,37,78
88,37,80
88,37,81
88,37,82
88,38,61
88,38,62
88,38,63
88,38,71
88,38,72
88,38,73
88,38,74
88,38,75
88,38,76
88,38,77
88,38,78
88,38,81
88,38,82
88,38,83
88,38,84
88,39,58
88,39,59
88,39,60
88,39,61
88,39,62
88,39,69
88,39,70
88,39,71
88,39,72
88,39,73
88,39,74
88,39,75
88,39,76
88,39,82
88,39,83
88,39,84
88,40,54
88,40,57
88,40,58
88,40,59
88,40,60
88,40,67
88,40,68
88,40,69
88,40,70
88,40,71
88,40,72
88,40,73
88,40,74
88,40,80
88,40,82
88,40,83
88,40,84
88,40,85
88,41,54
88,41,55
88,41,56
88,41,57
88,41,58
88,41,64
88,41,65
88,41,66
88,41,67
88,41,68
88,41,69
88,41,70
88,41,71
88,41,72
88,41,73
88,41,74
88,41,79
88,41,80
88,41,81
88,41,82
88,41,83
88,41,84
88,41,85
88,41,86
88,42,53
88,42,54
88,42,55
88,42,56
88,42,63
88,42,64
88,42,65
88,42,66
88,42,67
88,42,68
88,42,69
88,42,70
88,42,71
88,42,72
88,42,73
88,42,79
88,42,80
88,42,81
88,42,82
88,42,83
88,42,84
88,42,85
88,42,86
88,43,53
88,43,54
88,43,62
88,43,63
88,43,64
88,43,67
88,43,68
88,43,69
88,43,70
88,43,71
88,43,72
88,43,82
88,43,83
88,43,84
88,43,85
88,43,86
88,44,61
88,44,62
88,44,63
88,44,64
88,44,67
88,44,68
88,44,69
88,44,70
88,44,71
88,44,72
88,44,81
88,44,82
88,44,83
88,44,84
88,44,85
88,44,86
88,45,57
88,45,58
88,45,59
88,45,60
88,45,61
88,45,62
88,45,63
88,45,67
88,45,68
88,45,69
88,45,70
88,45,81
88,45,82
88,45,83
88,45,84
88,45,85
88,45,86
88,46,57
88,46,58
88,46,59
88,46,61
88,46,62
88,46,66
88,46,67
88,46,68
88,46,69
88,46,81
88,46,82
88,46,83
88,46,84
88,46,85
88,47,57
88,47,58
88,47,65
88,47,66
88,47,67
88,47,68
88,47,80
88,47,81
88,47,82
88,47,83
88,47,84
88,48,57
88,48,58
88,48,59
88,48,60
88,48,61
88,48,62
88,48,63
88,48,64
88,48,65
88,48,66
88,48,79
88,48,80
88,48,81
88,48,82
88,48,83
88,49,57
88,49,58
88,49,59
88,49,60
88,49,61
88,49,62
88,49,63
88,49,64
88,49,77
88,49,78
88,49,79
88,49,80
88,50,58
88,50,59
88,50,77
88,50,78
88,50,79
88,51,76
89,25,53
89,25,54
89,25,55
89,25,56
89,25,57
89,25,58
89,25,59
89,25,60
89,26,54
89,26,55
89,26,56
89,26,57
89,26,58
89,26,59
89,26,60
89,26,61
89,26,62
89,27,55
89,27,56
89,27,57
89,27,58
89,27,59
89,27,60
89,27,61
89,27,62
89,27,63
89,27,64
89,28,55
89,28,56
89,28,57
89,28,58
89,28,59
89,28,60
89,28,61
89,28,62
89,28,63
89,28,64
89,28,65
89,28,66
89,28,67
89,28,68
89,29,56
89,29,57
89,29,58
89,29,61
89,29,62
89,29,63
89,29,64
89,29,65
89,29,66
89,29,67
89,29,68
89,29,69
89,29,70
89,30,57
89,30,58
89,30,60
89,30,61
89,30,62
89,30,63
89,30,64
89,30,65
89,30,66
89,30,67
89,30,68
89,30,69
89,30,70
89,31,58
89,31,59
89,31,60
89,31,61
89,31,62
89,31,63
89,31,64
89,31,65
89,31,66
89,31,67
89,31,68
89,31,69
89,31,71
89,31,72
89,31,73
89,31,74
89,31,75
89,32,58
89,32,59
89,32,60
89,32,61
89,32,63
89,32,64
89,32,67
89,32,68
89,32,69
89,32,71
89,32,72
89,32,73
89,32,74
89,32,75
89,32,76
89,33,63
89,33,64
89,33,66
89,33,67
89,33,70
89,33,71
89,33,72
89,33,73
89,33,74
89,33,75
89,33,76
89,34,63
89,34,64
89,34,66
89,34,67
89,34,69
89,34,70
89,34,71
89,34,72
89,34,74
89,34,75
89,34,76
89,35,62
89,35,63
89,35,64
89,35,66
89,35,67
89,35,68
89,35,69
89,35,70
89,35,73
89,35,74
89,35,75
89,35,76
89,35,78
89,35,79
89,35,80
89,36,62
89,36,63
89,36,64
89,36,66
89,36,67
89,36,68
89,36,69
89,36,70
89,36,72
89,36,73
89,36,74
89,36,77
89,36,78
89,36,79
89,36,80
89,37,61
89,37,62
89,37,63
89,37,71
89,37,72
89,37,73
89,37,76
89,37,77
89,37,78
89,37,79
89,37,80
89,37,81
89,37,82
89,38,61
89,38,62
89,38,63
89,38,70
89,38,71
89,38,72
89,38,73
89,38,75
89,38,76
89,38,77
89,38,79
89,38,81
89,38,82
89,38,83
89,39,57
89,39,58
89,39,59
89,39,60
89,39,61
89,39,62
89,39,65
89,39,66
89,39,67
89,39,68
89,39,69
89,39,70
89,39,71
89,39,72
89,39,73
89,39,74
89,39,75
89,39,76
89,39,81
89,39,82
89,39,83
89,39,84
89,40,56
89,40,57
89,40,58
89,40,59
89,40,60
89,40,65
89,40,66
89,40,67
89,40,68
89,40,69
89,40,70
89,40,71
89,40,72
89,40,73
89,40,74
89,40,75
89,40,76
89,40,82
89,40,83
89,40,84
89,41,55
89,41,56
89,41,57
89,41,63
89,41,64
89,41,65
89,41,66
89,41,67
89,41,68
89,41,69
89,41,70
89,41,73
89,41,74
89,41,82
89,41,83
89,41,84
89,41,85
89,41,86
89,42,55
89,42,56
89,42,63
89,42,64
89,42,65
89,42,67
89,42,68
89,42,69
89,42,73
89,42,74
89,42,83
89,42,84
89,42,85
89,42,86
89,43,53
89,43,54
89,43,55
89,43,59
89,43,60
89,43,61
89,43,62
89,43,63
89,43,64
89,43,71
89,43,72
89,43,73
89,43,74
89,43,83
89,43,84
89,43,85
89,43,86
89,44,53
89,44,54
89,44,58
89,44,59
89,44,60
89,44,61
89,44,62
89,44,63
89,44,64
89,44,71
89,44,72
89,44,73
89,44,74
89,44,84
89,44,85
89,44,86
89,45,57
89,45,58
89,45,61
89,45,62
89,45,66
89,45,67
89,45,68
89,45,69
89,45,70
89,45,83
89,45,84
89,45,85
89,45,86
89,46,56
89,46,57
89,46,66
89,46,67
89,46,68
89,46,69
89,46,70
89,46,82
89,46,83
89,46,84
89,46,85
89,46,86
89,47,56
89,47,57
89,47,61
89,47,62
89,47,65
89,47,66
89,47,67
89,47,81
89,47,82
89,47,83
89,47,84
89,47,85
89,48,55
89,48,56
89,48,57
89,48,58
89,48,59
89,48,60
89,48,61
89,48,62
89,48,63
89,48,64
89,48,65
89,48,66
89,48,80
89,48,81
89,48,82
89,48,83
89,48,84
89,49,58
89,49,59
89,49,60
89,49,61
89,49,62
89,49,63
89,49,64
89,49,65
89,49,77
89,49,78
89,49,79
89,49,80
89,49,81
89,49,82
89,50,58
89,50,59
89,50,60
89,50,77
89,50,78
89,50,79
89,50,80
89,51,77
89,51,78
89,52,77
90,25,55
90,25,56
90,25,57
90,26,55
90,26,56
90,26,57
90,26,58
90,26,59
90,26,60
90,27,55
90,27,56
90,27,57
90,27,58
90,27,59
90,27,60
90,27,61
90,27,62
90,27,63
90,28,55
90,28,56
90,28,57
90,28,58
90,28,59
90,28,60
90,28,61
90,28,62
90,28,63
90,29,57
90,29,58
90,29,59
90,29,60
90,29,61
90,29,62
90,29,63
90,29,64
90,29,65
90,29,66
90,29,67
90,29,68
90,29,69
90,30,57
90,30,58
90,30,59
90,30,60
90,30,61
90,30,62
90,30,63
90,30,64
90,30,65
90,30,66
90,30,67
90,30,68
90,30,69
90,30,70
90,31,58
90,31,59
90,31,60
90,31,61
90,31,62
90,31,63
90,31,64
90,31,65
90,31,66
90,31,67
90,31,68
90,31,69
90,31,71
90,31,72
90,31,73
90,31,74
90,32,58
90,32,59
90,32,60
90,32,63
90,32,64
90,32,65
90,32,67
90,32,68
90,32,69
90,32,71
90,32,72
90,32,73
90,32,74
90,32,75
90,33,63
90,33,64
90,33,66
90,33,67
90,33,68
90,33,70
90,33,71
90,33,72
90,33,73
90,33,74
90,33,75
90,33,76
90,34,63
90,34,64
90,34,66
90,34,67
90,34,69
90,34,70
90,34,71
90,34,72
90,34,73
90,34,74
90,34,75
90,34,76
90,35,62
90,35,63
90,35,64
90,35,66
90,35,67
90,35,68
90,35,69
90,35,70
90,35,73
90,35,74
90,35,75
90,35,76
90,36,62
90,36,63
90,36,64
90,36,66
90,36,67
90,36,68
90,36,69
90,36,70
90,36,73
90,36,74
90,36,75
90,36,77
90,36,78
90,36,79
90,36,80
90,37,61
90,37,62
90,37,63
90,37,71
90,37,72
90,37,73
90,37,74
90,37,76
90,37,77
90,37,78
90,37,79
90,37,80
90,37,81
90,37,82
90,38,61
90,38,62
90,38,63
90,38,70
90,38,71
90,38,72
90,38,73
90,38,75
90,38,76
90,38,77
90,38,78
90,38,79
90,38,80
90,38,81
90,38,82
90,39,57
90,39,58
90,39,59
90,39,60
90,39,61
90,39,65
90,39,66
90,39,67
90,39,68
90,39,69
90,39,70
90,39,71
90,39,72
90,39,75
90,39,76
90,39,81
90,39,82
90,39,83
90,39,84
90,40,56
90,40,57
90,40,58
90,40,59
90,40,60
90,40,61
90,40,64
90,40,65
90,40,66
90,40,67
90,40,68
90,40,69
90,40,70
90,40,71
90,40,74
90,40,75
90,40,76
90,40,81
90,40,82
90,40,83
90,40,84
90,41,55
90,41,56
90,41,63
90,41,64
90,41,65
90,41,66
90,41,67
90,41,68
90,41,69
90,41,70
90,41,73
90,41,74
90,41,75
90,41,80
90,41,81
90,41,82
90,41,83
90,41,84
90,41,85
90,42,55
90,42,56
90,42,62
90,42,63
90,42,64
90,42,68
90,42,73
90,42,74
90,42,75
90,42,79
90,42,80
90,42,81
90,42,82
90,42,83
90,42,84
90,42,85
90,42,86
90,43,53
90,43,54
90,43,58
90,43,59
90,43,60
90,43,61
90,43,62
90,43,63
90,43,64
90,43,72
90,43,73
90,43,74
90,43,79
90,43,80
90,43,81
90,43,82
90,43,83
90,43,84
90,43,85
90,43,86
90,44,53
90,44,54
90,44,57
90,44,58
90,44,59
90,44,60
90,44,61
90,44,62
90,44,63
90,44,64
90,44,71
90,44,72
90,44,73
90,44,74
90,44,81
90,44,82
90,44,83
90,44,84
90,44,85
90,44,86
90,45,56
90,45,57
90,45,58
90,45,66
90,45,67
90,45,68
90,45,69
90,45,70
90,45,71
90,45,83
90,45,84
90,45,85
90,45,86
90,46,56
90,46,57
90,46,65
90,46,66
90,46,67
90,46,68
90,46,69
90,46,70
90,46,83
90,46,84
90,46,85
90,46,86
90,47,55
90,47,56
90,47,57
90,47,60
90,47,61
90,47,62
90,47,63
90,47,64
90,47,65
90,47,66
90,47,67
90,47,81
90,47,82
90,47,83
90,47,84
90,47,85
90,48,56
90,48,57
90,48,59
90,48,60
90,48,61
90,48,62
90,48,63
90,48,64
90,48,65
90,48,66
90,48,80
90,48,81
90,48,82
90,48,83
90,48,84
90,49,58
90,49,59
90,49,60
90,49,61
90,49,62
90,49,63
90,49,64
90,49,77
90,49,78
90,49,79
90,49,80
90,49,81
90,49,82
90,50,59
90,50,60
90,50,77
90,50,78
90,50,79
90,50,80
90,51,78
91,27,56
91,27,57
91,27,58
91,27,59
91,27,60
91,28,56
91,28,57
91,28,58
91,28,59
91,28,60
91,28,61
91,28,62
91,29,57
91,29,58
91,29,59
91,29,60
91,29,61
91,29,62
91,29,64
91,29,65
91,29,66
91,29,67
91,30,57
91,30,58
91,30,59
91,30,60
91,30,61
91,30,62
91,30,63
91,30,64
91,30,65
91,30,66
91,30,67
91,30,68
91,31,57
91,31,58
91,31,59
91,31,60
91,31,61
91,31,62
91,31,63
91,31,64
91,31,65
91,31,66
91,31,67
91,31,68
91,32,62
91,32,63
91,32,64
91,32,65
91,32,66
91,32,67
91,32,68
91,32,71
91,32,72
91,32,73
91,33,62
91,33,63
91,33,64
91,33,65
91,33,66
91,33,67
91,33,68
91,33,69
91,33,70
91,33,71
91,33,72
91,33,73
91,33,74
91,33,75
91,34,62
91,34,63
91,34,64
91,34,65
91,34,66
91,34,67
91,34,68
91,34,69
91,34,70
91,34,71
91,34,72
91,34,73
91,34,74
91,34,75
91,34,76
91,35,62
91,35,63
91,35,64
91,35,66
91,35,67
91,35,68
91,35,69
91,35,70
91,35,72
91,35,73
91,35,74
91,35,75
91,36,62
91,36,63
91,36,64
91,36,66
91,36,67
91,36,68
91,36,69
91,36,72
91,36,73
91,36,74
91,36,75
91,36,77
91,36,78
91,37,61
91,37,62
91,37,63
91,37,71
91,37,72
91,37,73
91,37,74
91,37,75
91,37,76
91,37,77
91,37,78
91,37,79
91,37,80
91,38,57
91,38,61
91,38,62
91,38,66
91,38,67
91,38,68
91,38,69
91,38,70
91,38,71
91,38,72
91,38,73
91,38,75
91,38,76
91,38,77
91,38,78
91,38,79
91,38,80
91,38,81
91,39,57
91,39,58
91,39,59
91,39,60
91,39,61
91,39,64
91,39,65
91,39,66
91,39,67
91,39,68
91,39,69
91,39,70
91,39,71
91,39,72
91,39,75
91,39,76
91,39,79
91,39,80
91,39,81
91,39,82
91,40,56
91,40,57
91,40,58
91,40,59
91,40,60
91,40,63
91,40,64
91,40,65
91,40,66
91,40,67
91,40,68
91,40,69
91,40,70
91,40,71
91,40,75
91,40,76
91,40,79
91,40,80
91,40,81
91,40,82
91,40,83
91,41,55
91,41,56
91,41,63
91,41,64
91,41,68
91,41,69
91,41,74
91,41,75
91,41,78
91,41,79
91,41,80
91,41,81
91,41,82
91,41,83
91,41,84
91,42,55
91,42,56
91,42,59
91,42,61
91,42,62
91,42,63
91,42,64
91,42,73
91,42,74
91,42,75
91,42,77
91,42,78
91,42,79
91,42,80
91,42,81
91,42,82
91,42,83
91,42,84
91,43,53
91,43,54
91,43,57
91,43,58
91,43,59
91,43,60
91,43,61
91,43,62
91,43,63
91,43,71
91,43,72
91,43,73
91,43,74
91,43,77
91,43,78
91,43,79
91,43,80
91,43,81
91,43,82
91,43,83
91,43,84
91,43,85
91,44,57
91,44,58
91,44,59
91,44,60
91,44,61
91,44,62
91,44,63
91,44,66
91,44,67
91,44,68
91,44,69
91,44,70
91,44,71
91,44,72
91,44,73
91,44,77
91,44,78
91,44,79
91,44,80
91,44,81
91,44,82
91,44,83
91,44,84
91,44,85
91,44,86
91,45,55
91,45,56
91,45,57
91,45,65
91,45,66
91,45,67
91,45,68
91,45,69
91,45,70
91,45,71
91,45,83
91,45,84
91,45,85
91,45,86
91,46,55
91,46,56
91,46,57
91,46,65
91,46,66
91,46,67
91,46,68
91,46,69
91,46,70
91,46,83
91,46,84
91,46,85
91,46,86
91,47,55
91,47,56
91,47,57
91,47,59
91,47,60
91,47,61
91,47,62
91,47,63
91,47,64
91,47,65
91,47,66
91,47,75
91,47,76
91,47,77
91,47,78
91,47,79
91,47,80
91,47,81
91,47,82
91,47,83
91,47,84
91,47,85
91,47,86
91,48,59
91,48,60
91,48,61
91,48,62
91,48,63
91,48,64
91,48,65
91,48,66
91,48,75
91,48,76
91,48,77
91,48,78
91,48,79
91,48,80
91,48,81
91,48,82
91,48,83
91,48,84
91,48,85
91,49,60
91,49,61
91,49,79
91,49,80
91,49,81
91,49,82
91,49,83
92,28,57
92,28,58
92,28,59
92,28,60
92,29,57
92,29,58
92,29,59
92,29,60
92,29,61
92,29,62
92,30,57
92,30,58
92,30,59
92,30,60
92,30,61
92,30,62
92,30,63
92,30,64
92,30,65
92,30,66
92,30,67
92,31,58
92,31,59
92,31,60
92,31,61
92,31,62
92,31,63
92,31,64
92,31,65
92,31,66
92,31,67
92,31,68
92,32,62
92,32,63
92,32,64
92,32,65
92,32,66
92,32,67
92,32,68
92,33,62
92,33,63
92,33,64
92,33,65
92,33,66
92,33,67
92,33,68
92,33,69
92,33,70
92,33,71
92,33,72
92,33,73
92,33,74
92,34,62
92,34,63
92,34,64
92,34,65
92,34,66
92,34,67
92,34,68
92,34,69
92,34,70
92,34,71
92,34,72
92,34,73
92,34,74
92,34,75
92,35,62
92,35,63
92,35,64
92,35,66
92,35,67
92,35,68
92,35,69
92,35,70
92,35,71
92,35,72
92,35,73
92,35,74
92,35,75
92,36,61
92,36,62
92,36,63
92,36,67
92,36,68
92,36,69
92,36,72
92,36,73
92,36,74
92,36,75
92,37,58
92,37,61
92,37,62
92,37,71
92,37,72
92,37,73
92,37,74
92,37,75
92,37,76
92,37,77
92,37,78
92,37,79
92,37,80
92,38,57
92,38,58
92,38,61
92,38,62
92,38,66
92,38,67
92,38,68
92,38,69
92,38,70
92,38,71
92,38,72
92,38,73
92,38,75
92,38,76
92,38,77
92,38,78
92,38,79
92,38,80
92,39,56
92,39,57
92,39,58
92,39,59
92,39,60
92,39,61
92,39,62
92,39,64
92,39,65
92,39,66
92,39,67
92,39,68
92,39,69
92,39,70
92,39,71
92,39,75
92,39,76
92,39,78
92,39,79
92,39,80
92,39,81
92,39,82
92,40,56
92,40,57
92,40,58
92,40,59
92,40,60
92,40,63
92,40,64
92,40,65
92,40,66
92,40,67
92,40,68
92,40,69
92,40,70
92,40,74
92,40,75
92,40,76
92,40,79
92,40,80
92,40,81
92,40,82
92,41,55
92,41,56
92,41,62
92,41,63
92,41,64
92,41,73
92,41,74
92,41,75
92,41,77
92,41,78
92,41,79
92,41,80
92,41,81
92,41,82
92,41,83
92,42,54
92,42,55
92,42,59
92,42,60
92,42,61
92,42,62
92,42,63
92,42,64
92,42,72
92,42,73
92,42,74
92,42,75
92,42,77
92,42,78
92,42,79
92,42,80
92,42,81
92,42,82
92,42,83
92,42,84
92,43,53
92,43,54
92,43,57
92,43,58
92,43,59
92,43,60
92,43,61
92,43,62
92,43,63
92,43,67
92,43,68
92,43,70
92,43,71
92,43,72
92,43,73
92,43,74
92,43,77
92,43,78
92,43,79
92,43,80
92,43,81
92,43,82
92,43,83
92,43,84
92,43,85
92,44,56
92,44,57
92,44,58
92,44,59
92,44,60
92,44,61
92,44,62
92,44,66
92,44,67
92,44,68
92,44,69
92,44,70
92,44,71
92,44,72
92,44,73
92,44,77
92,44,78
92,44,79
92,44,80
92,44,81
92,44,82
92,44,83
92,44,84
92,44,85
92,45,55
92,45,56
92,45,57
92,45,65
92,45,66
92,45,67
92,45,68
92,45,69
92,45,70
92,45,81
92,45,82
92,45,83
92,45,84
92,45,85
92,45,86
92,46,55
92,46,56
92,46,57
92,46,61
92,46,62
92,46,65
92,46,66
92,46,67
92,46,68
92,46,69
92,46,70
92,46,83
92,46,84
92,46,85
92,46,86
92,47,55
92,47,56
92,47,57
92,47,59
92,47,60
92,47,61
92,47,62
92,47,63
92,47,64
92,47,65
92,47,66
92,47,74
92,47,75
92,47,76
92,47,77
92,47,78
92,47,79
92,47,80
92,47,81
92,47,82
92,47,83
92,47,84
92,47,85
92,47,86
92,48,55
92,48,56
92,48,57
92,48,59
92,48,60
92,48,61
92,48,62
92,48,63
92,48,64
92,48,65
92,48,66
92,48,75
92,48,79
92,48,80
92,48,81
92,48,82
92,48,83
92,48,84
92,48,85
92,49,60
92,50,60
93,30,60
93,31,62
93,31,63
93,31,64
93,31,65
93,31,66
93,32,62
93,32,63
93,32,64
93,32,65
93,32,66
93,32,67
93,33,61
93,33,62
93,33,63
93,33,64
93,33,65
93,33,66
93,33,67
93,33,68
93,33,69
93,33,70
93,33,71
93,33,72
93,34,61
93,34,62
93,34,63
93,34,64
93,34,65
93,34,66
93,34,67
93,34,68
93,34,69
93,34,70
93,34,71
93,34,72
93,34,73
93,35,61
93,35,62
93,35,63
93,35,65
93,35,66
93,35,67
93,35,68
93,35,69
93,35,70
93,35,71
93,35,72
93,35,73
93,35,74
93,36,61
93,36,62
93,36,63
93,36,67
93,36,68
93,36,69
93,36,70
93,36,71
93,36,72
93,36,73
93,36,74
93,37,57
93,37,60
93,37,61
93,37,62
93,37,67
93,37,69
93,37,70
93,37,71
93,37,72
93,37,73
93,37,75
93,37,76
93,37,77
93,37,78
93,38,55
93,38,56
93,38,57
93,38,58
93,38,59
93,38,60
93,38,61
93,38,62
93,38,65
93,38,66
93,38,67
93,38,68
93,38,69
93,38,70
93,38,71
93,38,72
93,38,75
93,38,76
93,38,77
93,38,78
93,38,79
93,39,56
93,39,57
93,39,58
93,39,59
93,39,60
93,39,64
93,39,65
93,39,66
93,39,67
93,39,68
93,39,69
93,39,70
93,39,74
93,39,75
93,39,76
93,39,77
93,39,78
93,39,79
93,39,80
93,40,55
93,40,56
93,40,63
93,40,64
93,40,65
93,40,66
93,40,67
93,40,68
93,40,69
93,40,70
93,40,73
93,40,74
93,40,75
93,40,77
93,40,78
93,40,79
93,40,80
93,41,55
93,41,60
93,41,61
93,41,62
93,41,63
93,41,64
93,41,72
93,41,73
93,41,74
93,41,75
93,41,77
93,41,78
93,41,79
93,41,80
93,42,54
93,42,55
93,42,57
93,42,58
93,42,59
93,42,60
93,42,61
93,42,62
93,42,63
93,42,64
93,42,71
93,42,72
93,42,73
93,42,74
93,42,76
93,42,77
93,42,78
93,42,79
93,43,57
93,43,58
93,43,59
93,43,60
93,43,61
93,43,62
93,43,66
93,43,67
93,43,68
93,43,69
93,43,70
93,43,71
93,43,72
93,43,76
93,43,77
93,43,78
93,43,79
93,43,80
93,43,81
93,43,82
93,43,83
93,44,56
93,44,57
93,44,58
93,44,65
93,44,66
93,44,67
93,44,68
93,44,69
93,44,70
93,44,71
93,44,72
93,44,76
93,44,77
93,44,78
93,44,79
93,44,80
93,44,81
93,44,82
93,44,83
93,44,84
93,45,55
93,45,56
93,45,57
93,45,61
93,45,62
93,45,65
93,45,66
93,45,67
93,45,68
93,45,69
93,45,70
93,45,81
93,45,82
93,45,83
93,45,84
93,45,85
93,46,55
93,46,56
93,46,57
93,46,61
93,46,62
93,46,63
93,46,64
93,46,65
93,46,66
93,46,67
93,46,81
93,46,82
93,46,83
93,46,84
93,46,85
93,47,59
93,47,60
93,47,61
93,47,62
93,47,63
93,47,64
93,47,65
93,47,74
93,47,75
93,47,76
93,47,77
93,47,78
93,47,79
93,47,80
93,47,81
93,47,82
93,47,83
93,47,84
93,47,85
93,48,59
93,48,60
93,48,61
93,48,62
93,48,63
93,48,64
93,48,65
93,48,73
93,48,74
93,48,75
93,48,81
93,48,82
93,48,83
93,48,84
93,49,59
93,49,60
93,49,61
93,49,71
93,49,72
93,50,59
93,50,60
93,50,61
94,31,63
94,31,64
94,32,62
94,32,63
94,32,64
94,32,65
94,32,66
94,33,61
94,33,62
94,33,63
94,33,64
94,33,65
94,33,66
94,33,67
94,33,68
94,33,69
94,34,61
94,34,62
94,34,63
94,34,64
94,34,65
94,34,66
94,34,67
94,34,68
94,34,69
94,34,70
94,34,71
94,34,72
94,35,60
94,35,61
94,35,62
94,35,63
94,35,64
94,35,65
94,35,66
94,35,67
94,35,68
94,35,69
94,35,70
94,35,71
94,35,72
94,35,73
94,36,60
94,36,61
94,36,62
94,36,63
94,36,65
94,36,66
94,36,67
94,36,68
94,36,69
94,36,70
94,36,71
94,36,72
94,36,73
94,36,74
94,37,57
94,37,58
94,37,59
94,37,60
94,37,61
94,37,62
94,37,67
94,37,68
94,37,69
94,37,70
94,37,71
94,37,72
94,37,73
94,37,75
94,37,76
94,37,77
94,38,57
94,38,58
94,38,59
94,38,60
94,38,61
94,38,62
94,38,65
94,38,66
94,38,67
94,38,68
94,38,69
94,38,70
94,38,71
94,38,72
94,38,75
94,38,76
94,38,77
94,38,78
94,39,55
94,39,56
94,39,59
94,39,60
94,39,64
94,39,65
94,39,66
94,39,67
94,39,68
94,39,69
94,39,70
94,39,73
94,39,74
94,39,75
94,39,76
94,39,77
94,39,78
94,39,79
94,40,55
94,40,56
94,40,63
94,40,64
94,40,65
94,40,66
94,40,67
94,40,68
94,40,73
94,40,74
94,40,75
94,40,76
94,40,77
94,40,78
94,40,79
94,40,80
94,41,55
94,41,58
94,41,59
94,41,60
94,41,61
94,41,62
94,41,63
94,41,64
94,41,71
94,41,72
94,41,73
94,41,74
94,41,76
94,41,77
94,41,78
94,41,79
94,42,54
94,42,55
94,42,57
94,42,58
94,42,59
94,42,60
94,42,61
94,42,62
94,42,63
94,42,64
94,42,68
94,42,71
94,42,72
94,42,73
94,42,74
94,42,76
94,42,77
94,42,78
94,43,56
94,43,57
94,43,58
94,43,59
94,43,60
94,43,61
94,43,62
94,43,66
94,43,67
94,43,68
94,43,69
94,43,70
94,43,71
94,43,72
94,43,76
94,43,77
94,43,78
94,43,79
94,43,80
94,43,81
94,43,82
94,44,56
94,44,57
94,44,58
94,44,65
94,44,66
94,44,67
94,44,68
94,44,69
94,44,70
94,44,71
94,44,72
94,44,76
94,44,77
94,44,78
94,44,79
94,44,80
94,44,81
94,44,82
94,44,83
94,45,55
94,45,56
94,45,57
94,45,62
94,45,64
94,45,65
94,45,66
94,45,68
94,45,81
94,45,82
94,45,83
94,45,84
94,46,62
94,46,63
94,46,64
94,46,65
94,46,66
94,46,81
94,46,82
94,46,83
94,46,84
94,47,61
94,47,62
94,47,63
94,47,64
94,47,65
94,47,69
94,47,74
94,47,75
94,47,76
94,47,77
94,47,78
94,47,79
94,47,80
94,47,81
94,47,82
94,47,83
94,47,84
94,48,59
94,48,60
94,48,61
94,48,63
94,48,64
94,48,70
94,48,73
94,48,74
94,48,75
94,48,76
94,48,81
94,48,82
94,48,83
94,48,84
94,49,59
94,49,60
94,49,61
94,49,71
94,49,72
94,49,73
94,50,59
94,50,60
94,50,61
94,50,62
94,50,72
95,33,61
95,33,62
95,33,63
95,33,64
95,33,65
95,33,66
95,34,61
95,34,62
95,34,63
95,34,64
95,34,65
95,34,66
95,34,67
95,34,68
95,35,59
95,35,60
95,35,61
95,35,62
95,35,63
95,35,64
95,35,65
95,35,66
95,35,67
95,35,68
95,35,69
95,35,70
95,35,71
95,36,59
95,36,60
95,36,61
95,36,62
95,36,63
95,36,64
95,36,65
95,36,66
95,36,67
95,36,68
95,36,69
95,36,70
95,36,71
95,36,72
95,37,56
95,37,57
95,37,58
95,37,59
95,37,60
95,37,61
95,37,62
95,37,63
95,37,64
95,37,65
95,37,66
95,37,67
95,37,68
95,37,69
95,37,70
95,37,71
95,37,72
95,38,56
95,38,57
95,38,58
95,38,59
95,38,60
95,38,61
95,38,65
95,38,66
95,38,67
95,38,68
95,38,69
95,38,70
95,38,71
95,39,55
95,39,56
95,39,63
95,39,64
95,39,65
95,39,66
95,39,67
95,39,68
95,39,72
95,39,73
95,39,74
95,39,75
95,39,76
95,39,77
95,40,55
95,40,56
95,40,63
95,40,64
95,40,65
95,40,66
95,40,71
95,40,72
95,40,73
95,40,74
95,40,75
95,40,76
95,40,77
95,40,78
95,41,55
95,41,56
95,41,57
95,41,58
95,41,59
95,41,60
95,41,61
95,41,62
95,41,63
95,41,64
95,41,68
95,41,69
95,41,70
95,41,71
95,41,72
95,41,73
95,41,75
95,41,76
95,41,77
95,41,78
95,42,54
95,42,55
95,42,57
95,42,58
95,42,59
95,42,60
95,42,61
95,42,62
95,42,63
95,42,67
95,42,68
95,42,69
95,42,70
95,42,71
95,42,72
95,42,75
95,42,76
95,42,77
95,42,78
95,42,79
95,43,55
95,43,56
95,43,57
95,43,58
95,43,65
95,43,66
95,43,67
95,43,68
95,43,69
95,43,70
95,43,71
95,43,75
95,43,76
95,43,77
95,43,78
95,43,79
95,43,80
95,43,81
95,44,56
95,44,57
95,44,64
95,44,65
95,44,66
95,44,67
95,44,68
95,44,69
95,44,70
95,44,75
95,44,76
95,44,77
95,44,78
95,44,79
95,44,80
95,44,81
95,44,82
95,45,57
95,45,65
95,45,66
95,45,80
95,45,81
95,45,82
95,45,83
95,46,65
95,46,69
95,46,80
95,46,81
95,46,82
95,46,83
95,47,69
95,47,70
95,47,73
95,47,74
95,47,75
95,47,76
95,47,77
95,47,78
95,47,79
95,47,80
95,47,81
95,47,82
95,47,83
95,48,69
95,48,70
95,48,71
95,48,72
95,48,73
95,48,74
95,48,75
95,48,76
95,48,77
95,49,61
95,49,62
95,49,72
95,50,60
96,34,61
96,34,62
96,34,63
96,34,64
96,34,65
96,34,66
96,35,59
96,35,60
96,35,61
96,35,62
96,35,63
96,35,64
96,35,65
96,35,66
96,35,67
96,35,68
96,35,69
96,35,70
96,36,58
96,36,59
96,36,60
96,36,61
96,36,62
96,36,63
96,36,64
96,36,65
96,36,66
96,36,67
96,36,68
96,36,69
96,36,70
96,37,57
96,37,58
96,37,59
96,37,60
96,37,61
96,37,62
96,37,63
96,37,64
96,37,65
96,37,66
96,37,67
96,37,68
96,37,69
96,37,70
96,37,71
96,38,56
96,38,57
96,38,58
96,38,59
96,38,60
96,38,61
96,38,63
96,38,64
96,38,65
96,38,66
96,38,67
96,38,68
96,38,69
96,38,70
96,39,55
96,39,56
96,39,63
96,39,64
96,39,65
96,39,66
96,39,67
96,39,68
96,39,71
96,39,72
96,39,73
96,39,74
96,39,75
96,39,76
96,40,55
96,40,56
96,40,63
96,40,64
96,40,65
96,40,66
96,40,71
96,40,72
96,40,73
96,40,74
96,40,75
96,40,76
96,40,77
96,41,55
96,41,56
96,41,57
96,41,58
96,41,59
96,41,60
96,41,61
96,41,62
96,41,63
96,41,67
96,41,68
96,41,69
96,41,70
96,41,71
96,41,72
96,41,73
96,41,75
96,41,76
96,41,77
96,41,78
96,42,54
96,42,55
96,42,56
96,42,57
96,42,58
96,42,59
96,42,60
96,42,61
96,42,62
96,42,66
96,42,67
96,42,68
96,42,69
96,42,70
96,42,71
96,42,72
96,42,74
96,42,75
96,42,76
96,42,77
96,42,78
96,43,57
96,43,65
96,43,66
96,43,67
96,43,68
96,43,69
96,43,70
96,43,75
96,43,76
96,43,77
96,43,78
96,43,79
96,43,80
96,44,64
96,44,65
96,44,66
96,44,69
96,44,74
96,44,75
96,44,76
96,44,77
96,44,78
96,44,79
96,44,80
96,44,81
96,45,65
96,45,79
96,45,80
96,45,81
96,45,82
96,46,68
96,46,69
96,46,70
96,46,79
96,46,80
96,46,81
96,46,82
96,47,69
96,47,70
96,47,71
96,47,73
96,47,74
96,47,75
96,47,76
96,47,77
96,47,78
96,47,79
96,47,80
96,47,81
96,47,82
96,48,69
96,48,70
96,48,71
96,48,72
96,48,73
96,48,74
96,48,75
96,48,76
96,48,77
96,48,78
97,35,61
97,35,62
97,35,63
97,35,64
97,36,58
97,36,59
97,36,60
97,36,61
97,36,62
97,36,63
97,36,64
97,36,65
97,36,66
97,37,56
97,37,57
97,37,58
97,37,59
97,37,60
97,37,61
97,37,62
97,37,63
97,37,64
97,37,65
97,37,66
97,37,67
97,37,68
97,38,56
97,38,57
97,38,58
97,38,59
97,38,60
97,38,61
97,38,62
97,38,63
97,38,64
97,38,65
97,38,66
97,38,67
97,38,68
97,39,55
97,39,56
97,39,57
97,39,58
97,39,59
97,39,60
97,39,61
97,39,62
97,39,63
97,39,64
97,39,65
97,39,66
97,39,71
97,39,72
97,39,73
97,40,55
97,40,56
97,40,57
97,40,58
97,40,59
97,40,60
97,40,61
97,40,62
97,40,63
97,40,64
97,40,65
97,40,68
97,40,69
97,40,70
97,40,71
97,40,72
97,40,73
97,40,74
97,41,55
97,41,56
97,41,57
97,41,58
97,41,59
97,41,60
97,41,61
97,41,62
97,41,63
97,41,65
97,41,66
97,41,67
97,41,68
97,41,69
97,41,70
97,41,71
97,41,72
97,41,73
97,41,74
97,41,75
97,41,76
97,42,55
97,42,56
97,42,57
97,42,58
97,42,59
97,42,60
97,42,61
97,42,62
97,42,65
97,42,66
97,42,67
97,42,68
97,42,69
97,42,70
97,42,71
97,42,72
97,42,73
97,42,74
97,42,75
97,42,76
97,43,65
97,43,66
97,43,72
97,43,73
97,43,74
97,43,75
97,43,76
97,43,77
97,43,78
97,43,79
97,44,65
97,44,66
97,44,72
97,44,73
97,44,74
97,44,75
97,44,76
97,44,77
97,44,78
97,44,79
97,44,80
97,45,67
97,45,68
97,45,69
97,45,70
97,45,74
97,45,75
97,45,76
97,45,77
97,45,78
97,45,79
97,45,80
97,46,66
97,46,67
97,46,68
97,46,69
97,46,70
97,46,71
97,46,77
97,46,78
97,46,79
97,46,80
97,47,70
97,47,71
97,47,72
97,47,73
97,47,74
97,47,75
97,47,76
97,47,77
97,47,78
97,47,79
97,47,80
97,48,72
97,48,73
97,48,74
97,48,75
97,48,76
97,48,77
97,48,78
98,36,60
98,36,61
98,36,62
98,37,57
98,37,58
98,37,59
98,37,60
98,37,61
98,37,62
98,37,63
98,37,64
98,37,65
98,37,66
98,38,56
98,38,57
98,38,58
98,38,59
98,38,60
98,38,61
98,38,62
98,38,63
98,38,64
98,38,65
98,38,66
98,39,56
98,39,57
98,39,58
98,39,59
98,39,60
98,39,61
98,39,62
98,39,63
98,39,64
98,39,65
98,40,56
98,40,57
98,40,58
98,40,59
98,40,60
98,40,61
98,40,62
98,40,63
98,40,64
98,40,67
98,40,68
98,40,69
98,40,70
98,40,71
98,40,72
98,40,73
98,41,56
98,41,57
98,41,58
98,41,59
98,41,60
98,41,61
98,41,62
98,41,65
98,41,66
98,41,67
98,41,68
98,41,69
98,41,70
98,41,71
98,41,72
98,41,73
98,41,74
98,41,75
98,42,57
98,42,58
98,42,59
98,42,60
98,42,61
98,42,62
98,42,64
98,42,65
98,42,66
98,42,67
98,42,68
98,42,69
98,42,70
98,42,71
98,42,72
98,42,73
98,42,74
98,42,75
98,42,76
98,43,65
98,43,66
98,43,69
98,43,70
98,43,71
98,43,72
98,43,73
98,43,74
98,43,75
98,43,76
98,43,77
98,43,78
98,44,65
98,44,69
98,44,70
98,44,71
98,44,72
98,44,73
98,44,74
98,44,75
98,44,76
98,44,77
98,44,78
98,45,66
98,45,67
98,45,68
98,45,69
98,45,70
98,45,71
98,45,72
98,45,73
98,45,74
98,45,75
98,45,76
98,45,77
98,45,78
98,45,79
98,45,80
98,46,66
98,46,67
98,46,68
98,46,69
98,46,70
98,46,71
98,46,72
98,46,73
98,46,74
98,46,75
98,46,76
98,46,77
98,46,78
98,46,79
98,46,80
98,47,71
98,47,72
98,47,73
98,47,74
98,47,75
98,47,76
98,47,77
98,47,78
98,47,79
98,48,74
98,48,75
98,48,76
98,48,77
98,48,78
99,38,58
99,38,59
99,38,60
99,38,61
99,39,57
99,39,58
99,39,59
99,39,60
99,39,61
99,39,62
99,40,57
99,40,58
99,40,59
99,40,60
99,40,61
99,40,62
99,41,58
99,41,59
99,41,60
99,41,61
99,41,65
99,41,66
99,41,67
99,41,68
99,41,69
99,41,70
99,41,71
99,41,72
99,42,65
99,42,66
99,42,67
99,42,68
99,42,69
99,42,70
99,42,71
99,42,72
99,42,73
99,43,65
99,43,66
99,43,67
99,43,68
99,43,69
99,43,70
99,43,71
99,43,72
99,43,73
99,43,74
99,44,66
99,44,67
99,44,68
99,44,69
99,44,70
99,44,71
99,44,72
99,44,73
99,44,74
99,44,75
99,44,76
99,45,66
99,45,67
99,45,68
99,45,69
99,45,70
99,45,71
99,45,72
99,45,73
99,45,74
99,45,75
99,45,76
99,45,77
99,46,66
99,46,67
99,46,68
99,46,70
99,46,71
99,46,72
99,46,73
99,46,74
99,46,75
99,46,76
99,46,77
99,46,78
99,47,75
99,47,76
99,47,77
99,47,78
99,48,76
99,48,77
99,48,78
100,39,58
100,39,59
100,39,60
100,40,59
100,40,60
100,40,61
100,41,65
100,41,66
100,41,67
100,41,68
100,41,69
100,42,65
100,42,66
100,42,67
100,42,68
100,42,69
100,42,70
100,42,71
100,43,66
100,43,67
100,43,68
100,43,69
100,43,70
100,43,71
100,43,72
100,43,73
100,44,66
100,44,67
100,44,68
100,44,69
100,44,70
100,44,71
100,44,72
100,44,73
100,44,74
100,45,66
100,45,67
100,45,68
100,45,69
100,45,70
100,45,71
100,45,72
100,45,73
100,45,74
100,45,75
100,45,76
100,46,67
100,46,74
100,46,75
100,46,76
100,47,77
100,48,77
101,44,67
101,44,68
