abagen symbol,num_pass
A1BG,10.0
A1BG-AS1,4.0
AACS,4.0
AADAT,2.0
AAED1,3.0
AAK1,0.0
AAMDC,0.0
AARD,0.0
AARS,0.0
AARS2,7.0
AASS,3.0
AATF,0.0
ABCA1,7.0
ABCA2,2.0
ABCA3,5.0
ABCA5,1.0
ABCA6,0.0
ABCA9,1.0
ABCB10,2.0
ABCB6,1.0
ABCB7,0.0
ABCB9,0.0
ABCC12,1.0
ABCC5,5.0
ABCC8,1.0
ABCD3,0.0
ABCE1,3.0
ABCF1,3.0
ABCF2,0.0
ABCG1,5.0
ABCG2,0.0
ABCG4,0.0
ABHD1,7.0
ABHD12,0.0
ABHD12B,0.0
ABHD17A,3.0
ABHD17B,0.0
ABHD17C,6.0
ABHD3,2.0
ABHD4,2.0
ABHD6,1.0
ABHD8,1.0
ABI1,3.0
ABI2,2.0
ABLIM2,0.0
ABR,9.0
ABRACL,2.0
ABTB1,0.0
ABTB2,0.0
ACAA2,6.0
ACACA,3.0
ACACB,1.0
ACAD8,2.0
ACAD9,5.0
ACADL,6.0
ACADSB,0.0
ACADVL,1.0
ACAN,0.0
ACAP2,2.0
ACAT2,5.0
ACE,0.0
ACER3,0.0
ACHE,0.0
ACKR1,3.0
ACKR3,7.0
ACLY,1.0
ACO1,0.0
ACOT13,0.0
ACOT2,7.0
ACOT4,4.0
ACOT8,6.0
ACOT9,3.0
ACOX1,7.0
ACOX3,7.0
ACP1,8.0
ACP2,2.0
ACSBG1,4.0
ACSF2,6.0
ACSF3,1.0
ACSL1,0.0
ACSL3,0.0
ACSL4,7.0
ACSL6,0.0
ACSM5,5.0
ACTA1,1.0
ACTC1,0.0
ACTG1,7.0
ACTL6A,1.0
ACTL6B,1.0
ACTN2,0.0
ACTN4,0.0
ACTR10,4.0
ACTR1B,1.0
ACTR2,4.0
ACTR3B,8.0
ACTR3BP2,1.0
ACTR3C,2.0
ACTR5,0.0
ACVR1,0.0
ACVR1C,0.0
ACVR2A,11.0
ACY3,6.0
ACYP1,2.0
ACYP2,0.0
ADA,5.0
ADAD2,2.0
ADAM11,1.0
ADAM15,0.0
ADAM19,8.0
ADAM20P1,1.0
ADAM22,0.0
ADAM23,0.0
ADAM28,8.0
ADAM8,0.0
ADAMTS13,0.0
ADAMTS19,3.0
ADAMTS4,0.0
ADAMTS5,0.0
ADAMTS8,6.0
ADAMTS9,3.0
ADAMTSL1,2.0
ADAMTSL2,1.0
ADAMTSL3,0.0
ADAP1,6.0
ADAP2,5.0
ADARB1,1.0
ADARB2-AS1,0.0
ADAT1,2.0
ADCK2,3.0
ADCK5,3.0
ADCY1,3.0
ADCY2,7.0
ADCY3,0.0
ADCY6,3.0
ADCY7,3.0
ADCY8,2.0
ADCY9,0.0
ADCYAP1,2.0
ADCYAP1R1,8.0
ADGRA1,2.0
ADGRA2,0.0
ADGRA3,6.0
ADGRB3,6.0
ADGRG1,7.0
ADGRG6,4.0
ADGRL2,1.0
ADGRL3,12.0
ADGRV1,7.0
ADH5,6.0
ADI1,4.0
ADIPOR1,4.0
ADIRF,3.0
ADK,1.0
ADM,1.0
ADM5,8.0
ADNP,5.0
ADO,1.0
ADPRHL1,0.0
ADRA1B,3.0
ADRA1D,0.0
ADRA2A,1.0
ADRA2C,2.0
ADRB1,2.0
ADRB2,7.0
ADSS,8.0
ADSSL1,0.0
ADTRP,4.0
AEBP1,0.0
AES,4.0
AFAP1L1,1.0
AFAP1L2,0.0
AFF1,0.0
AFF2,7.0
AFTPH,1.0
AGA,0.0
AGAP1,7.0
AGAP2,6.0
AGAP3,9.0
AGBL4,3.0
AGFG2,2.0
AGGF1,4.0
AGL,1.0
AGMAT,2.0
AGO1,0.0
AGO3,0.0
AGO4,1.0
AGPAT3,1.0
AGPAT5,4.0
AGRN,6.0
AGTPBP1,3.0
AHCY,3.0
AHCYL1,3.0
AHI1,0.0
AHNAK,3.0
AHNAK2,0.0
AHRR,11.0
AHSG,5.0
AIF1,5.0
AIFM2,5.0
AIFM3,1.0
AIG1,0.0
AIM2,5.0
AIRE,0.0
AJAP1,7.0
AK2,0.0
AK3,2.0
AK4,6.0
AK5,4.0
AK8,2.0
AKAIN1,0.0
AKAP1,0.0
AKAP12,0.0
AKAP13,3.0
AKAP5,7.0
AKAP8,3.0
AKIRIN1,1.0
AKIRIN2,2.0
AKR1C1,0.0
AKR1C3,0.0
AKR1C4,0.0
AKR7A2,6.0
AKR7L,2.0
AKT1S1,0.0
AKT3,2.0
ALAS1,1.0
ALB,0.0
ALCAM,6.0
ALDH1A3,0.0
ALDH1B1,1.0
ALDH1L2,3.0
ALDH2,5.0
ALDH3A2,1.0
ALDH3B1,2.0
ALDH5A1,2.0
ALDH6A1,10.0
ALDH7A1,2.0
ALDH9A1,8.0
ALDOA,3.0
ALG10B,1.0
ALG13,3.0
ALG3,0.0
ALG5,4.0
ALG8,5.0
ALK,7.0
ALKAL2,8.0
ALKBH7,0.0
ALMS1P1,1.0
ALOX5,9.0
ALOX5AP,9.0
ALPK1,2.0
ALPL,4.0
ALS2,2.0
ALS2CL,0.0
ALS2CR12,1.0
ALX3,0.0
AMD1,0.0
AMDHD1,0.0
AMER2,2.0
AMER3,2.0
AMFR,2.0
AMIGO1,0.0
AMIGO2,4.0
AMMECR1,1.0
AMMECR1L,3.0
AMN1,7.0
AMOTL1,0.0
AMPD2,4.0
AMPD3,0.0
AMPH,3.0
AMT,0.0
AMZ1,3.0
AMZ2,2.0
AMZ2P1,5.0
ANAPC11,5.0
ANAPC15,3.0
ANAPC4,4.0
ANGEL2,2.0
ANGPT1,0.0
ANGPT2,0.0
ANGPTL2,0.0
ANK1,0.0
ANK3,9.0
ANKFY1,0.0
ANKH,0.0
ANKIB1,2.0
ANKLE2,3.0
ANKRA2,3.0
ANKRD11,7.0
ANKRD13A,0.0
ANKRD13D,3.0
ANKRD16,0.0
ANKRD18A,0.0
ANKRD18B,2.0
ANKRD18DP,0.0
ANKRD19P,7.0
ANKRD2,1.0
ANKRD20A11P,1.0
ANKRD20A4-ANKRD20A20P,0.0
ANKRD20A5P,2.0
ANKRD20A8P,0.0
ANKRD24,2.0
ANKRD26,1.0
ANKRD27,0.0
ANKRD28,1.0
ANKRD29,0.0
ANKRD30B,0.0
ANKRD30BP2,10.0
ANKRD33B,0.0
ANKRD34A,3.0
ANKRD34C,0.0
ANKRD36BP2,5.0
ANKRD37,0.0
ANKRD39,2.0
ANKRD42,0.0
ANKRD45,2.0
ANKRD46,2.0
ANKRD49,2.0
ANKRD50,16.0
ANKRD6,10.0
ANKRD9,2.0
ANKS1A,0.0
ANKS1B,0.0
ANKS3,1.0
ANKS6,1.0
ANKZF1,1.0
ANO2,8.0
ANO3,5.0
ANO5,0.0
ANO6,2.0
ANOS1,12.0
ANP32E,1.0
ANTXR2,0.0
ANXA1,1.0
ANXA11,6.0
ANXA2,5.0
ANXA3,0.0
ANXA4,1.0
ANXA5,0.0
ANXA6,0.0
ANXA7,2.0
AOAH,1.0
AP1G2,3.0
AP1M1,3.0
AP1S1,6.0
AP1S2,0.0
AP2B1,9.0
AP2M1,3.0
AP2S1,3.0
AP3B1,5.0
AP3B2,5.0
AP3D1,5.0
AP3M1,1.0
AP3M2,5.0
AP3S1,10.0
AP4E1,0.0
AP4M1,4.0
AP4S1,2.0
AP5B1,2.0
AP5M1,0.0
AP5S1,5.0
APBA1,4.0
APBA2,1.0
APBB1,1.0
APBB1IP,8.0
APBB2,0.0
APBB3,2.0
APC,6.0
APEH,5.0
APH1B,1.0
APLN,7.0
APLNR,4.0
APMAP,9.0
APOC1,8.0
APOE,7.0
APOL2,0.0
APOM,8.0
APOO,4.0
APOOL,1.0
APOPT1,8.0
APP,1.0
APPL1,1.0
APPL2,3.0
APRT,7.0
AQP1,1.0
AQP11,2.0
AQP4,5.0
AQP5,4.0
AQP6,3.0
AQR,1.0
AR,0.0
ARAP2,1.0
ARAP3,0.0
ARC,0.0
AREL1,0.0
ARF3,5.0
ARF5,3.0
ARFGAP1,2.0
ARFGEF3,9.0
ARGLU1,1.0
ARHGAP10,1.0
ARHGAP12,1.0
ARHGAP18,5.0
ARHGAP19,1.0
ARHGAP20,2.0
ARHGAP22,2.0
ARHGAP25,1.0
ARHGAP26,1.0
ARHGAP27,0.0
ARHGAP28,10.0
ARHGAP29,3.0
ARHGAP32,2.0
ARHGAP33,13.0
ARHGAP36,11.0
ARHGAP39,0.0
ARHGAP4,6.0
ARHGAP42,2.0
ARHGAP44,0.0
ARHGAP45,6.0
ARHGAP5-AS1,8.0
ARHGAP6,17.0
ARHGAP9,0.0
ARHGDIA,6.0
ARHGDIB,2.0
ARHGDIG,4.0
ARHGEF10,0.0
ARHGEF10L,1.0
ARHGEF11,0.0
ARHGEF12,5.0
ARHGEF16,1.0
ARHGEF17,1.0
ARHGEF18,0.0
ARHGEF2,1.0
ARHGEF25,3.0
ARHGEF28,9.0
ARHGEF3,2.0
ARHGEF33,0.0
ARHGEF4,1.0
ARHGEF40,9.0
ARHGEF6,2.0
ARHGEF7,1.0
ARHGEF9,2.0
ARID1A,4.0
ARID1B,0.0
ARID2,0.0
ARID3B,1.0
ARID5A,1.0
ARID5B,0.0
ARIH1,0.0
ARIH2,0.0
ARL10,12.0
ARL13B,0.0
ARL14EP,4.0
ARL15,9.0
ARL16,10.0
ARL2BP,0.0
ARL4A,4.0
ARL4C,1.0
ARL4D,0.0
ARL5A,1.0
ARL5B,0.0
ARL8B,1.0
ARL9,3.0
ARMC10,6.0
ARMC2,1.0
ARMC7,3.0
ARMC8,0.0
ARMCX1,8.0
ARMCX2,4.0
ARMCX4,0.0
ARMT1,0.0
ARNT2,6.0
ARNTL,1.0
ARNTL2,6.0
ARPC2,6.0
ARPC5,5.0
ARPP19,4.0
ARPP21,3.0
ARRB1,9.0
ARRB2,10.0
ARSB,2.0
ARSG,1.0
ARSJ,5.0
ARSK,3.0
ART3,0.0
ASAH1,8.0
ASAP1-IT1,0.0
ASAP1-IT2,2.0
ASAP2,0.0
ASB1,1.0
ASB13,0.0
ASB2,0.0
ASB5,13.0
ASB6,4.0
ASCC3,4.0
ASCL2,14.0
ASF1A,3.0
ASGR1,1.0
ASGR2,1.0
ASH1L,2.0
ASH1L-AS1,10.0
ASH2L,6.0
ASIC1,1.0
ASIC2,3.0
ASIP,4.0
ASL,3.0
ASNSP1,2.0
ASPH,0.0
ASPHD2,9.0
ASPSCR1,0.0
ASS1,5.0
ASTE1,1.0
ASTN1,3.0
ASTN2,1.0
ASXL1,3.0
ASXL2,3.0
ASXL3,3.0
ATAD1,0.0
ATAD2,0.0
ATAD2B,1.0
ATAD3B,0.0
ATCAY,2.0
ATF2,2.0
ATF4,1.0
ATF7IP,0.0
ATF7IP2,8.0
ATG10,3.0
ATG101,3.0
ATG12,2.0
ATG16L1,0.0
ATG4A,0.0
ATG4B,1.0
ATG4C,2.0
ATG4D,0.0
ATG5,0.0
ATG7,1.0
ATG9A,2.0
ATL3,0.0
ATM,1.0
ATN1,3.0
ATOH7,10.0
ATOX1,10.0
ATP10A,0.0
ATP10B,0.0
ATP10D,1.0
ATP11A,0.0
ATP11C,1.0
ATP13A2,2.0
ATP13A3,0.0
ATP13A4,6.0
ATP1A1,0.0
ATP1A4,0.0
ATP1B1,0.0
ATP1B2,6.0
ATP1B3,0.0
ATP2A2,0.0
ATP2B1,0.0
ATP2B2,0.0
ATP2B3,0.0
ATP2B4,11.0
ATP2C2,3.0
ATP4A,0.0
ATP5F1A,0.0
ATP5F1B,0.0
ATP5ME,2.0
ATP5MPL,0.0
ATP5PF,3.0
ATP5S,0.0
ATP6AP1,4.0
ATP6AP2,1.0
ATP6V0A1,2.0
ATP6V0A4,10.0
ATP6V0C,1.0
ATP6V0CP3,6.0
ATP6V0D1,7.0
ATP6V0E1,3.0
ATP6V0E2,4.0
ATP6V1A,2.0
ATP6V1C1,3.0
ATP6V1E1,5.0
ATP6V1F,3.0
ATP6V1G2,5.0
ATP6V1H,4.0
ATP7A,0.0
ATP7B,5.0
ATP8A1,3.0
ATP8A2,10.0
ATP8B2,2.0
ATP9A,4.0
ATP9B,7.0
ATPAF1,0.0
ATRNL1,1.0
ATXN1,0.0
ATXN1L,0.0
ATXN2,2.0
ATXN7,0.0
ATXN7L1,0.0
ATXN7L2,1.0
ATXN7L3,3.0
ATXN7L3B,3.0
AUNIP,2.0
AURKAIP1,3.0
AUTS2,4.0
AVIL,6.0
AVPI1,0.0
AXL,7.0
AZGP1,0.0
AZI2,0.0
AZIN1,10.0
AZIN1-AS1,4.0
B2M,0.0
B3GALNT1,7.0
B3GALNT2,0.0
B3GALT1,0.0
B3GALT2,1.0
B3GALT5-AS1,2.0
B3GALT6,10.0
B3GAT1,7.0
B3GAT2,1.0
B3GLCT,1.0
B3GNT2,2.0
B3GNT4,9.0
B3GNT5,6.0
B3GNT9,3.0
B4GALNT1,3.0
B4GALT2,7.0
B4GALT3,6.0
B4GALT5,4.0
B4GALT6,0.0
B9D1,12.0
BABAM1,7.0
BABAM2,7.0
BACE1,1.0
BACE2,1.0
BACH2,0.0
BAD,4.0
BAG1,1.0
BAG3,4.0
BAG5,0.0
BAG6,3.0
BAIAP2,7.0
BAIAP2L2,1.0
BAIAP3,9.0
BANP,3.0
BAP1,3.0
BARD1,6.0
BASP1,4.0
BASP1-AS1,2.0
BATF3,6.0
BAZ1A,2.0
BBC3,4.0
BBS1,0.0
BBS7,1.0
BBS9,1.0
BBX,0.0
BCAN,5.0
BCAR3,4.0
BCAS1,0.0
BCAS2,6.0
BCAS3,1.0
BCAS4,0.0
BCAT1,0.0
BCCIP,1.0
BCHE,3.0
BCKDHA,3.0
BCKDK,5.0
BCL10,0.0
BCL11A,4.0
BCL11B,0.0
BCL2,6.0
BCL2L2,1.0
BCL3,0.0
BCL7A,1.0
BCL7C,3.0
BCL9,3.0
BCLAF1,1.0
BCLAF3,10.0
BCO2,0.0
BCOR,2.0
BCR,6.0
BCRP2,8.0
BDH1,1.0
BDH2,2.0
BDKRB2,4.0
BDNF,8.0
BDNF-AS,3.0
BEAN1,4.0
BECN1,2.0
BEGAIN,8.0
BEND5,0.0
BEND6,0.0
BEND7,1.0
BEST1,3.0
BEX1,7.0
BEX2,8.0
BEX3,6.0
BEX5,2.0
BFSP1,11.0
BHLHE22,3.0
BHLHE23,0.0
BHLHE40,1.0
BHLHE41,0.0
BHMT2,2.0
BICC1,2.0
BICD1,0.0
BICD2,1.0
BICDL1,3.0
BICDL2,1.0
BICRAL,0.0
BID,1.0
BIN3,0.0
BIRC3,16.0
BLM,7.0
BLMH,1.0
BLNK,5.0
BLOC1S2,3.0
BLVRA,0.0
BLZF1,0.0
BMP2K,2.0
BMP6,0.0
BMP7,2.0
BMP8B,7.0
BMPER,0.0
BMPR1A,0.0
BMPR1B,5.0
BMS1P14,3.0
BMS1P20,5.0
BMS1P4,0.0
BNIP2,4.0
BNIP3,2.0
BOD1L1,0.0
BOLA3-AS1,1.0
BORCS7,12.0
BPHL,7.0
BRAF,0.0
BRAP,1.0
BRCA1,0.0
BRCC3,3.0
BRD2,1.0
BRD8,2.0
BRF2,7.0
BRI3,6.0
BRICD5,0.0
BRINP1,0.0
BRINP2,2.0
BRINP3,9.0
BRK1,3.0
BRMS1,1.0
BRMS1L,5.0
BROX,2.0
BRPF3,3.0
BRSK1,1.0
BRSK2,2.0
BRWD1,6.0
BRWD3,0.0
BSDC1,1.0
BSN,7.0
BSPRY,3.0
BTBD1,2.0
BTBD10,3.0
BTBD11,2.0
BTBD3,1.0
BTBD6,3.0
BTBD9,8.0
BTC,7.0
BTG1,2.0
BTG3,8.0
BTN2A1,0.0
BTN2A2,0.0
BTN3A1,1.0
BTN3A2,2.0
BTNL9,2.0
BUB3,2.0
BUD13,0.0
BZW2,2.0
C10orf105,2.0
C10orf90,0.0
C11orf1,13.0
C11orf58,5.0
C11orf65,2.0
C11orf68,1.0
C11orf71,3.0
C11orf74,4.0
C11orf80,4.0
C11orf87,2.0
C11orf95,7.0
C11orf97,7.0
C12orf29,1.0
C12orf4,3.0
C12orf43,2.0
C12orf45,5.0
C12orf49,0.0
C12orf54,0.0
C12orf60,3.0
C12orf66,1.0
C12orf75,3.0
C12orf76,4.0
C14orf132,13.0
C14orf177,0.0
C15orf41,1.0
C15orf59,1.0
C15orf61,2.0
C16orf45,2.0
C16orf58,6.0
C16orf70,4.0
C16orf74,4.0
C16orf86,0.0
C16orf87,3.0
C16orf91,3.0
C16orf95,3.0
C17orf100,4.0
C17orf51,12.0
C17orf58,3.0
C17orf75,0.0
C17orf97,2.0
C18orf25,0.0
C19orf12,3.0
C19orf18,1.0
C19orf24,0.0
C19orf25,0.0
C19orf33,1.0
C19orf53,1.0
C19orf57,4.0
C1D,3.0
C1GALT1,2.0
C1QA,12.0
C1QB,5.0
C1QC,4.0
C1QL1,10.0
C1QL2,3.0
C1QL3,8.0
C1QTNF3,5.0
C1R,12.0
C1RL,1.0
C1S,7.0
C1orf115,3.0
C1orf194,8.0
C1orf198,2.0
C1orf21,7.0
C1orf216,4.0
C1orf226,6.0
C1orf50,5.0
C1orf54,0.0
C1orf61,6.0
C1orf74,3.0
C20orf196,1.0
C20orf27,4.0
C20orf96,1.0
C21orf33,0.0
C2CD2,0.0
C2CD2L,8.0
C2CD4C,4.0
C2CD5,2.0
C2CD6,0.0
C2orf27A,1.0
C2orf40,0.0
C2orf49,1.0
C2orf69,7.0
C2orf73,11.0
C2orf80,9.0
C3,6.0
C3orf14,8.0
C3orf18,0.0
C3orf38,0.0
C3orf58,0.0
C3orf70,7.0
C3orf80,1.0
C4orf3,0.0
C4orf33,0.0
C4orf48,1.0
C5orf24,0.0
C5orf30,5.0
C5orf42,2.0
C5orf49,6.0
C5orf56,0.0
C6orf106,0.0
C6orf118,5.0
C6orf120,1.0
C6orf136,0.0
C6orf47,0.0
C6orf52,8.0
C6orf62,2.0
C6orf89,0.0
C7orf13,3.0
C7orf50,6.0
C8orf34,3.0
C8orf44,6.0
C8orf46,6.0
C8orf82,0.0
C9orf116,1.0
C9orf129,1.0
C9orf16,7.0
C9orf24,0.0
C9orf3,0.0
C9orf40,5.0
C9orf72,2.0
CA10,5.0
CA11,6.0
CA12,2.0
CA13,0.0
CA4,3.0
CA5B,1.0
CA7,0.0
CA8,2.0
CAAP1,0.0
CAB39,1.0
CAB39L,2.0
CABLES1,1.0
CABLES2,0.0
CABP1,0.0
CABYR,7.0
CACFD1,4.0
CACHD1,4.0
CACNA1A,0.0
CACNA1B,5.0
CACNA1C,3.0
CACNA1E,2.0
CACNA1G,2.0
CACNA1H,8.0
CACNA1I,1.0
CACNA2D2,0.0
CACNA2D3,0.0
CACNB1,3.0
CACNB2,4.0
CACNB3,5.0
CACNB4,0.0
CACNG2,0.0
CACNG3,6.0
CACNG4,8.0
CACNG6,0.0
CACNG7,1.0
CACNG8,2.0
CADM1,5.0
CADM2,2.0
CADM3,6.0
CADPS,2.0
CADPS2,1.0
CALB1,9.0
CALB2,8.0
CALCOCO1,0.0
CALCOCO2,1.0
CALCRL,5.0
CALHM1,4.0
CALHM2,8.0
CALHM6,10.0
CALM1,3.0
CALM3,7.0
CALML3,3.0
CALN1,1.0
CALR,1.0
CALU,4.0
CAMK1,3.0
CAMK1D,0.0
CAMK1G,1.0
CAMK2A,3.0
CAMK2D,15.0
CAMK2G,2.0
CAMK2N1,10.0
CAMK2N2,4.0
CAMK4,7.0
CAMKK1,1.0
CAMKK2,0.0
CAMKMT,1.0
CAMKV,10.0
CAMSAP3,5.0
CAMTA1,0.0
CAMTA2,2.0
CAND2,2.0
CANX,9.0
CAP1,1.0
CAP2,4.0
CAPG,4.0
CAPN1,1.0
CAPN12,4.0
CAPN15,0.0
CAPN2,0.0
CAPN3,0.0
CAPN7,0.0
CAPNS1,3.0
CAPRIN1,4.0
CAPRIN2,2.0
CAPS2,0.0
CAPZB,12.0
CARD6,1.0
CARD9,0.0
CARHSP1,7.0
CARMIL2,3.0
CARMIL3,10.0
CARS,1.0
CARTPT,4.0
CASC15,5.0
CASC2,1.0
CASK,11.0
CASP10,1.0
CASP3,0.0
CASP8AP2,0.0
CASQ1,3.0
CAST,0.0
CASTOR1,7.0
CASZ1,0.0
CAV2,9.0
CAVIN1,0.0
CAVIN3,1.0
CBFA2T3,3.0
CBFB,6.0
CBLB,3.0
CBLN1,7.0
CBLN2,1.0
CBLN4,2.0
CBWD1,0.0
CBWD5,0.0
CBX5,0.0
CBX6,8.0
CBX7,3.0
CC2D2B,2.0
CCBE1,6.0
CCDC110,0.0
CCDC112,3.0
CCDC115,0.0
CCDC12,2.0
CCDC120,10.0
CCDC122,0.0
CCDC124,5.0
CCDC126,0.0
CCDC136,0.0
CCDC14,1.0
CCDC146,0.0
CCDC148,8.0
CCDC15,2.0
CCDC152,2.0
CCDC153,6.0
CCDC159,1.0
CCDC160,0.0
CCDC167,7.0
CCDC171,9.0
CCDC177,1.0
CCDC186,0.0
CCDC189,7.0
CCDC191,5.0
CCDC24,6.0
CCDC25,0.0
CCDC28A,7.0
CCDC3,3.0
CCDC32,12.0
CCDC34,3.0
CCDC39,0.0
CCDC47,1.0
CCDC50,3.0
CCDC57,0.0
CCDC58,0.0
CCDC6,7.0
CCDC65,3.0
CCDC68,5.0
CCDC71L,9.0
CCDC77,2.0
CCDC78,0.0
CCDC8,8.0
CCDC80,1.0
CCDC82,4.0
CCDC85A,3.0
CCDC85C,9.0
CCDC88A,1.0
CCDC88B,3.0
CCDC88C,0.0
CCDC9,2.0
CCDC90B,13.0
CCDC91,0.0
CCDC92,2.0
CCDC96,0.0
CCEPR,11.0
CCK,2.0
CCKBR,5.0
CCL2,1.0
CCL27,0.0
CCL28,9.0
CCM2,1.0
CCNA1,4.0
CCNB1IP1,0.0
CCNB3,3.0
CCND1,0.0
CCND2,4.0
CCND2-AS1,1.0
CCNDBP1,2.0
CCNG2,1.0
CCNH,7.0
CCNI,0.0
CCNK,1.0
CCNL2,4.0
CCNO,2.0
CCNT2,3.0
CCNY,2.0
CCNYL1,7.0
CCR1,12.0
CCSER1,2.0
CCT2,3.0
CCT4,1.0
CCT5,6.0
CCT7,1.0
CCZ1P-OR7E38P,5.0
CD163L1,5.0
CD164,0.0
CD200,8.0
CD226,1.0
CD24,19.0
CD247,8.0
CD248,2.0
CD2BP2,6.0
CD33,10.0
CD38,0.0
CD3EAP,1.0
CD44,1.0
CD47,2.0
CD52,5.0
CD53,2.0
CD55,1.0
CD58,1.0
CD59,1.0
CD6,2.0
CD63,6.0
CD68,8.0
CD74,2.0
CD81,4.0
CD82,4.0
CD83,5.0
CD84,9.0
CD99,4.0
CD99L2,0.0
CDADC1,0.0
CDC123,3.0
CDC14A,1.0
CDC14B,2.0
CDC34,6.0
CDC37,2.0
CDC40,0.0
CDC42,9.0
CDC42BPA,0.0
CDC42EP3,0.0
CDC42SE2,6.0
CDC6,5.0
CDC7,4.0
CDCA5,1.0
CDH10,2.0
CDH11,3.0
CDH12,1.0
CDH13,2.0
CDH18,3.0
CDH2,5.0
CDH22,4.0
CDH23,0.0
CDH4,10.0
CDH6,0.0
CDH7,0.0
CDH8,7.0
CDH9,5.0
CDHR1,2.0
CDIP1,3.0
CDIPT,4.0
CDK10,4.0
CDK11A,0.0
CDK14,0.0
CDK17,7.0
CDK18,0.0
CDK20,4.0
CDK2AP1,0.0
CDK5,7.0
CDK5RAP2,2.0
CDK9,2.0
CDKL1,0.0
CDKL3,4.0
CDKN1B,0.0
CDKN2A,0.0
CDKN2AIPNL,4.0
CDKN2C,1.0
CDKN2D,5.0
CDKN3,4.0
CDR1,0.0
CDR2L,0.0
CDS1,0.0
CDS2,2.0
CDT1,0.0
CDYL2,2.0
CEACAM19,0.0
CEBPA,10.0
CECR2,4.0
CELF1,5.0
CELF2,0.0
CELF3,5.0
CELF4,6.0
CELF5,10.0
CELSR2,4.0
CELSR3,1.0
CEMIP,0.0
CENPBD1P1,2.0
CENPC,0.0
CENPF,6.0
CENPJ,1.0
CENPK,1.0
CENPM,1.0
CENPQ,1.0
CENPV,2.0
CENPVL3,10.0
CENPW,18.0
CEP112,4.0
CEP120,1.0
CEP126,3.0
CEP135,1.0
CEP152,0.0
CEP162,1.0
CEP170B,8.0
CEP44,0.0
CEP57,0.0
CEP63,0.0
CEP68,3.0
CEP70,1.0
CEP72,5.0
CEP83,15.0
CEP85L,0.0
CEP89,6.0
CEP95,0.0
CEP97,0.0
CEPT1,1.0
CERK,0.0
CERS6,4.0
CES4A,9.0
CETN2,7.0
CETN3,4.0
CFAP161,1.0
CFAP20,3.0
CFAP44,9.0
CFAP52,2.0
CFAP53,1.0
CFAP61,4.0
CFAP65,1.0
CFAP69,0.0
CFAP97,4.0
CFD,11.0
CFL2,0.0
CFLAR,3.0
CFP,2.0
CGNL1,5.0
CGREF1,10.0
CHAC1,0.0
CHADL,0.0
CHAF1A,0.0
CHAF1B,5.0
CHCHD4,1.0
CHCHD6,7.0
CHD1,0.0
CHD2,0.0
CHD3,8.0
CHD5,3.0
CHD6,0.0
CHD7,4.0
CHD9,0.0
CHDH,7.0
CHEK2,0.0
CHEK2P2,0.0
CHGA,0.0
CHGB,3.0
CHI3L1,1.0
CHID1,10.0
CHL1,4.0
CHML,0.0
CHMP1A,12.0
CHMP1B,4.0
CHMP2A,5.0
CHMP2B,0.0
CHMP4A,2.0
CHMP4B,2.0
CHMP4C,0.0
CHMP5,4.0
CHMP6,3.0
CHMP7,0.0
CHN1,3.0
CHODL,2.0
CHP2,0.0
CHRAC1,2.0
CHRD,2.0
CHRDL1,5.0
CHRM1,2.0
CHRM2,3.0
CHRM3,3.0
CHRM4,2.0
CHRNA2,1.0
CHRNA3,3.0
CHRNA4,2.0
CHRNA7,4.0
CHST1,5.0
CHST11,2.0
CHST14,5.0
CHST15,0.0
CHST3,2.0
CHST8,0.0
CHST9,7.0
CHSY1,3.0
CHTF8,4.0
CIAPIN1,0.0
CIB1,4.0
CIB2,7.0
CIDEA,0.0
CIDEC,1.0
CIDECP,0.0
CILP2,2.0
CIP2A,5.0
CISD2,1.0
CISD3,3.0
CIT,1.0
CITED2,0.0
CKMT1B,0.0
CKMT2,0.0
CKS1B,8.0
CLCA4,1.0
CLCC1,1.0
CLCN3,0.0
CLCN5,0.0
CLCN6,4.0
CLDN11,0.0
CLDN4,4.0
CLDN5,0.0
CLEC16A,0.0
CLEC18B,0.0
CLEC2B,0.0
CLEC2D,3.0
CLEC2L,0.0
CLEC4G,2.0
CLEC9A,8.0
CLGN,0.0
CLIC4,0.0
CLIC5,4.0
CLINT1,3.0
CLIP1,1.0
CLIP2,2.0
CLIP4,0.0
CLK4,1.0
CLMN,0.0
CLMP,0.0
CLN3,3.0
CLN5,3.0
CLN6,0.0
CLOCK,2.0
CLPB,7.0
CLPX,0.0
CLSTN1,2.0
CLSTN2,4.0
CLSTN3,3.0
CLTA,3.0
CLTC,2.0
CLTCL1,3.0
CLU,1.0
CLUHP3,0.0
CLVS1,1.0
CLVS2,0.0
CMAHP,2.0
CMAS,6.0
CMC4,6.0
CMIP,7.0
CMKLR1,2.0
CMPK1,0.0
CMPK2,1.0
CMSS1,4.0
CMTM3,8.0
CMTM4,5.0
CMTM6,5.0
CMTM7,10.0
CMTM8,14.0
CMTR2,3.0
CMYA5,0.0
CNDP1,0.0
CNEP1R1,0.0
CNFN,1.0
CNGB1,10.0
CNIH2,7.0
CNIH3,3.0
CNKSR2,1.0
CNKSR3,0.0
CNMD,4.0
CNN1,2.0
CNN3,12.0
CNNM1,0.0
CNOT1,0.0
CNOT6L,0.0
CNOT7,6.0
CNOT8,2.0
CNR1,8.0
CNR2,0.0
CNRIP1,5.0
CNST,0.0
CNTLN,2.0
CNTN1,9.0
CNTN2,0.0
CNTN3,9.0
CNTN4,0.0
CNTN5,2.0
CNTN6,1.0
CNTNAP2,1.0
CNTNAP3,3.0
CNTNAP5,2.0
CNTRL,0.0
COA1,1.0
COA3,10.0
COA6,4.0
COA7,4.0
COASY,1.0
COBL,5.0
COBLL1,1.0
COCH,7.0
COG1,10.0
COG2,0.0
COG5,7.0
COL10A1,10.0
COL12A1,4.0
COL13A1,1.0
COL16A1,1.0
COL19A1,2.0
COL1A2,0.0
COL21A1,15.0
COL23A1,4.0
COL24A1,4.0
COL25A1,2.0
COL26A1,3.0
COL27A1,0.0
COL4A2,9.0
COL4A3BP,0.0
COL4A4,0.0
COL5A1,1.0
COL5A2,1.0
COL5A3,9.0
COL6A1,0.0
COL7A1,0.0
COL8A2,1.0
COL9A2,0.0
COL9A3,0.0
COLCA1,2.0
COLEC12,0.0
COLGALT2,4.0
COMMD2,3.0
COMMD7,3.0
COMP,3.0
COMTD1,4.0
COP1,5.0
COPA,0.0
COPB2,1.0
COPRS,4.0
COPS4,5.0
COPS5,3.0
COPS7A,2.0
COPZ1,8.0
COQ2,0.0
COQ3,0.0
CORO1A,5.0
CORO2A,0.0
CORO6,0.0
CORO7,0.0
COTL1,0.0
COX11,3.0
COX20,3.0
COX5A,1.0
COX6A1,4.0
COX7A1,2.0
COX7A2L,0.0
CPAMD8,8.0
CPD,0.0
CPE,8.0
CPEB1,0.0
CPEB2,1.0
CPEB3,0.0
CPEB4,1.0
CPLX1,0.0
CPLX2,0.0
CPLX3,12.0
CPM,0.0
CPNE2,4.0
CPNE3,9.0
CPNE4,3.0
CPNE5,7.0
CPNE6,21.0
CPNE7,8.0
CPNE8,2.0
CPNE9,0.0
CPPED1,0.0
CPSF1,0.0
CPSF7,0.0
CPT1A,0.0
CPT1C,10.0
CPT2,0.0
CPVL,3.0
CPXM2,0.0
CRABP1,0.0
CRAMP1,3.0
CREB1,4.0
CREB3L2,1.0
CREB3L3,1.0
CREBBP,3.0
CREBRF,0.0
CREBZF,0.0
CREG1,10.0
CREG2,4.0
CRELD1,2.0
CREM,6.0
CRH,2.0
CRHBP,5.0
CRIM1,9.0
CRIP2,3.0
CRIP3,3.0
CRIPT,3.0
CRISPLD1,0.0
CRLF1,4.0
CRMP1,8.0
CRNDE,2.0
CROCCP2,0.0
CRSP8P,7.0
CRTAC1,0.0
CRYBA2,0.0
CRYBB1,2.0
CRYBG3,0.0
CRYGS,1.0
CRYM,2.0
CRYZ,5.0
CSAD,3.0
CSDC2,0.0
CSF1R,5.0
CSF2RA,6.0
CSGALNACT1,4.0
CSMD1,3.0
CSPG4P1Y,4.0
CSRNP2,2.0
CSTB,8.0
CSTF2,1.0
CSTF2T,0.0
CSTF3,5.0
CTBP2,3.0
CTBS,0.0
CTC1,6.0
CTCF,2.0
CTDNEP1,6.0
CTDSP1,2.0
CTDSPL,2.0
CTDSPL2,1.0
CTGF,2.0
CTIF,0.0
CTNNA1,0.0
CTNNA2,7.0
CTNNAL1,1.0
CTNNB1,6.0
CTNNBIP1,6.0
CTNND2,8.0
CTNS,3.0
CTPS2,0.0
CTSA,0.0
CTSB,2.0
CTSC,0.0
CTSD,3.0
CTSH,6.0
CTSK,2.0
CTSL,1.0
CTSO,4.0
CTSS,7.0
CTSZ,0.0
CTTN,1.0
CTTNBP2,0.0
CTXN1,9.0
CTXN2,3.0
CTXN3,0.0
CTXND1,2.0
CUEDC1,1.0
CUL1,1.0
CUL2,6.0
CUL3,0.0
CUL4A,5.0
CUL4B,2.0
CUL9,2.0
CUX1,0.0
CUX2,2.0
CWF19L2,0.0
CX3CL1,6.0
CX3CR1,5.0
CXADR,16.0
CXCL12,0.0
CXCL14,7.0
CXCL2,2.0
CXCL3,2.0
CXCR4,4.0
CXXC4,7.0
CXXC5,2.0
CXorf36,0.0
CXorf38,3.0
CXorf56,0.0
CXorf57,11.0
CYB561,4.0
CYB5D2,8.0
CYB5R1,9.0
CYB5R3,3.0
CYBA,4.0
CYBB,7.0
CYBRD1,2.0
CYC1,0.0
CYCS,3.0
CYFIP1,2.0
CYHR1,5.0
CYLD,1.0
CYP11A1,5.0
CYP1B1,2.0
CYP1B1-AS1,0.0
CYP20A1,0.0
CYP26A1,4.0
CYP26B1,1.0
CYP2E1,0.0
CYP2J2,4.0
CYP46A1,8.0
CYP4V2,8.0
CYP4X1,6.0
CYP4Z1,10.0
CYP7B1,2.0
CYS1,5.0
CYSLTR1,3.0
CYSTM1,2.0
CYTH1,0.0
CYTH4,5.0
CYTL1,1.0
CYTOR,13.0
DAAM1,5.0
DAB2,4.0
DACH1,0.0
DACH2,8.0
DACT1,12.0
DACT2,0.0
DACT3,6.0
DAD1,6.0
DAGLB,2.0
DALRD3,3.0
DAP,5.0
DAP3,3.0
DAPK1-IT1,2.0
DAPK3,2.0
DAPL1,9.0
DARS,5.0
DBI,7.0
DBN1,7.0
DBNDD1,2.0
DBNL,5.0
DBR1,1.0
DBT,4.0
DBX2,1.0
DCAF10,3.0
DCAF11,6.0
DCAF12,1.0
DCAF13,0.0
DCAF13P3,0.0
DCAF17,1.0
DCAF4,3.0
DCAF6,1.0
DCAF7,9.0
DCAF8,3.0
DCAF8L2,0.0
DCAKD,1.0
DCBLD1,4.0
DCBLD2,0.0
DCC,2.0
DCDC1,0.0
DCLK1,1.0
DCLRE1A,0.0
DCN,4.0
DCP1A,0.0
DCP2,2.0
DCPS,0.0
DCTD,4.0
DCTN1,4.0
DCTN2,1.0
DCTN3,5.0
DCTN4,0.0
DCTN6,5.0
DCTPP1,4.0
DCUN1D2,0.0
DCXR,1.0
DDA1,8.0
DDAH1,7.0
DDAH2,5.0
DDB2,1.0
DDC,0.0
DDHD1,1.0
DDHD2,0.0
DDIT4L,2.0
DDN,8.0
DDR1,5.0
DDR2,3.0
DDRGK1,5.0
DDX1,2.0
DDX10,4.0
DDX19B,0.0
DDX25,6.0
DDX31,1.0
DDX39A,1.0
DDX3X,1.0
DDX46,0.0
DDX5,1.0
DDX54,5.0
DDX58,2.0
DDX59,2.0
DDX60L,3.0
DEAF1,8.0
DEDD2,2.0
DEFB131A,0.0
DEK,5.0
DENND1A,11.0
DENND1B,0.0
DENND1C,15.0
DENND2C,6.0
DENND2D,0.0
DENND3,3.0
DENND4B,2.0
DENND5B,0.0
DENND6A,0.0
DEPDC5,1.0
DEPDC7,1.0
DEPTOR,0.0
DERL1,2.0
DERL2,7.0
DEXI,0.0
DGAT2,4.0
DGCR5,2.0
DGCR8,0.0
DGCR9,1.0
DGKA,5.0
DGKB,6.0
DGKD,0.0
DGKG,4.0
DGKH,2.0
DGKZ,6.0
DHCR24,3.0
DHCR7,3.0
DHDH,8.0
DHFR,1.0
DHFR2,0.0
DHODH,2.0
DHPS,3.0
DHRS11,2.0
DHRS12,6.0
DHRS2,4.0
DHRS3,0.0
DHRS4,3.0
DHRS7,1.0
DHRSX,3.0
DHX16,3.0
DHX33,4.0
DHX35,0.0
DHX40,1.0
DHX58,16.0
DIAPH1,0.0
DIAPH2,10.0
DIAPH3,8.0
DIDO1,2.0
DIMT1,2.0
DIO2,6.0
DIP2A,0.0
DIP2B,0.0
DIRAS1,0.0
DIRAS2,2.0
DIRAS3,7.0
DIRC2,6.0
DIS3,0.0
DIS3L2,1.0
DISP1,0.0
DKFZP586I1420,3.0
DKFZp779M0652,8.0
DLC1,0.0
DLD,2.0
DLEC1,2.0
DLEU7,5.0
DLG2,8.0
DLGAP1,1.0
DLGAP1-AS4,3.0
DLGAP2,2.0
DLGAP3,2.0
DLK2,7.0
DLL3,13.0
DLX1,5.0
DLX2,6.0
DMAC2,3.0
DMD,8.0
DMGDH,9.0
DMKN,1.0
DMTN,5.0
DMXL2,4.0
DNAAF2,1.0
DNAAF4,10.0
DNAAF5,0.0
DNAH12,6.0
DNAH14,7.0
DNAH2,5.0
DNAH5,13.0
DNAH9,3.0
DNAJA1,5.0
DNAJA2,5.0
DNAJA3,2.0
DNAJA4,3.0
DNAJB1,1.0
DNAJB11,4.0
DNAJB13,2.0
DNAJB14,0.0
DNAJB2,8.0
DNAJB4,0.0
DNAJB6,6.0
DNAJC1,1.0
DNAJC12,5.0
DNAJC13,4.0
DNAJC15,1.0
DNAJC18,2.0
DNAJC19,5.0
DNAJC2,7.0
DNAJC22,0.0
DNAJC24,1.0
DNAJC25,0.0
DNAJC28,0.0
DNAJC3,2.0
DNAJC4,0.0
DNAJC5,5.0
DNAJC5G,0.0
DNAL4,11.0
DNALI1,7.0
DNASE1L1,7.0
DND1,0.0
DNER,7.0
DNLZ,6.0
DNM1,2.0
DNM1L,1.0
DNM1P35,4.0
DNM1P46,4.0
DNM1P50,4.0
DNM2,0.0
DNM3,0.0
DNMT3A,1.0
DNTTIP1,4.0
DOC2A,8.0
DOC2B,4.0
DOCK10,0.0
DOCK11,0.0
DOCK3,2.0
DOCK4,1.0
DOCK5,0.0
DOCK7,8.0
DOCK8,8.0
DOCK9,5.0
DOCK9-AS2,2.0
DOK1,5.0
DOK3,0.0
DOK4,9.0
DOK6,7.0
DOK7,0.0
DPCD,5.0
DPF1,4.0
DPF2,0.0
DPH3,1.0
DPH5,6.0
DPH6,3.0
DPM1,3.0
DPP10,4.0
DPP10-AS1,4.0
DPP6,2.0
DPP8,0.0
DPY19L1,2.0
DPY19L1P1,0.0
DPY19L2,0.0
DPY19L2P1,1.0
DPY19L2P2,0.0
DPY19L2P3,0.0
DPY19L2P4,0.0
DPY19L3,2.0
DPYSL2,4.0
DPYSL3,5.0
DPYSL5,1.0
DR1,23.0
DRAIC,7.0
DRAM1,6.0
DRAM2,0.0
DRAXIN,11.0
DRD1,1.0
DRD2,3.0
DRG1,2.0
DRP2,1.0
DSCAML1,0.0
DSCC1,0.0
DSCR9,0.0
DSEL,9.0
DSN1,5.0
DSP,0.0
DST,0.0
DSTN,5.0
DTD1,3.0
DTNA,0.0
DTNBP1,7.0
DTWD1,5.0
DTWD2,0.0
DTX3L,2.0
DTX4,1.0
DUBR,0.0
DUS1L,0.0
DUS4L,8.0
DUSP12,3.0
DUSP15,2.0
DUSP18,6.0
DUSP19,1.0
DUSP2,2.0
DUSP23,3.0
DUSP26,8.0
DUSP3,5.0
DUSP5P1,8.0
DUSP6,3.0
DUSP8,4.0
DUT,0.0
DVL1,9.0
DVL3,6.0
DYDC2,12.0
DYNC1I1,4.0
DYNC1LI2,0.0
DYNC2H1,0.0
DYNLL1,4.0
DYNLT3,0.0
DYRK1A,2.0
DYRK2,4.0
DYRK3,7.0
DZIP1,5.0
DZIP3,8.0
E2F1,0.0
E2F3,2.0
E2F5,18.0
E2F6,2.0
EAPP,3.0
EARS2,7.0
EBF1,0.0
EBF4,2.0
EBNA1BP2,4.0
ECD,0.0
ECEL1,1.0
ECHDC2,3.0
ECHDC3,8.0
ECHS1,7.0
ECI2,4.0
ECM1,0.0
ECSIT,0.0
EDA,2.0
EDEM1,0.0
EDIL3,0.0
EDN3,0.0
EDNRA,1.0
EDNRB,6.0
EED,3.0
EEF1AKMT2,4.0
EEF1G,2.0
EEF2,3.0
EEF2K,1.0
EEPD1,0.0
EFCAB1,10.0
EFCAB2,0.0
EFCAB7,2.0
EFEMP1,6.0
EFHC2,6.0
EFHD2,3.0
EFL1,0.0
EFNA1,2.0
EFNA2,4.0
EFNA5,0.0
EFNB2,7.0
EFNB3,9.0
EFR3A,0.0
EGFEM1P,1.0
EGFL7,2.0
EGFR,0.0
EGLN1,7.0
EGLN3,3.0
EGR1,1.0
EGR3,1.0
EGR4,2.0
EHBP1L1,8.0
EHD1,0.0
EHD2,0.0
EHD3,2.0
EHMT1,0.0
EID2,2.0
EIF1,6.0
EIF1AD,1.0
EIF1AX,1.0
EIF1AY,15.0
EIF1B,2.0
EIF2A,1.0
EIF2AK4,1.0
EIF2B5,1.0
EIF2D,0.0
EIF2S1,5.0
EIF2S2,3.0
EIF2S3,0.0
EIF3J,5.0
EIF3J-AS1,7.0
EIF3M,4.0
EIF4A2,2.0
EIF4E1B,0.0
EIF4E2,0.0
EIF4EBP1,6.0
EIF4H,4.0
EIF5,0.0
EIF5A2,0.0
EIPR1,7.0
ELAVL3,3.0
ELAVL4,1.0
ELF2,0.0
ELFN2,11.0
ELK3,1.0
ELL,0.0
ELL2,2.0
ELL3,9.0
ELMO3,0.0
ELMOD1,0.0
ELMOD2,0.0
ELMSAN1,1.0
ELOB,7.0
ELOC,4.0
ELOF1,4.0
ELOVL4,0.0
ELOVL5,1.0
ELOVL7,0.0
ELP1,1.0
ELP2,0.0
ELP3,0.0
ELP4,3.0
EMB,0.0
EMC1,1.0
EMC10,0.0
EMC2,0.0
EMC3,1.0
EMC3-AS1,1.0
EMC4,3.0
EMC7,6.0
EME1,0.0
EMG1,4.0
EMID1,6.0
EMILIN1,4.0
EMILIN2,0.0
EMILIN3,0.0
EML4,3.0
EML5,0.0
EML6,0.0
EMP2,0.0
EMP3,4.0
EMX1,1.0
EMX2OS,8.0
ENAH,3.0
ENC1,3.0
ENDOD1,0.0
ENDOG,1.0
ENHO,1.0
ENKUR,4.0
ENO1,8.0
ENO2,2.0
ENOPH1,4.0
ENOSF1,1.0
ENOX1,7.0
ENOX2,3.0
ENPP2,0.0
ENPP4,0.0
ENPP5,0.0
ENPP6,0.0
ENSA,6.0
ENTPD4,0.0
ENTPD5,0.0
ENTPD6,5.0
ENY2,4.0
EP400,2.0
EPAS1,0.0
EPB41,0.0
EPB41L1,0.0
EPB41L3,0.0
EPB41L4B,8.0
EPB41L5,5.0
EPC2,2.0
EPCAM,2.0
EPDR1,1.0
EPG5,3.0
EPHA10,4.0
EPHA3,9.0
EPHA4,3.0
EPHA5,10.0
EPHA6,3.0
EPHA7,0.0
EPHB2,1.0
EPHB3,0.0
EPHB6,0.0
EPHX1,6.0
EPHX2,4.0
EPHX4,1.0
EPN3,0.0
EPOP,5.0
EPS15,0.0
EPS8,3.0
ERAP2,0.0
ERBB2,5.0
ERBB3,3.0
ERBIN,6.0
ERC1,1.0
ERC2,7.0
ERC2-IT1,4.0
ERCC2,6.0
ERCC4,1.0
ERFE,8.0
ERG,0.0
ERI2,1.0
ERI3,6.0
ERICH1,4.0
ERICH2,6.0
ERICH3,3.0
ERICH5,0.0
ERICH6-AS1,8.0
ERLIN1,9.0
ERLIN2,7.0
ERMP1,0.0
ERO1B,1.0
ERP29,2.0
ERP44,0.0
ERRFI1,0.0
ESCO1,0.0
ESF1,0.0
ESRRA,0.0
ESRRB,0.0
ESRRG,0.0
ESYT1,0.0
ESYT3,3.0
ETFB,2.0
ETFRF1,5.0
ETNPPL,8.0
ETS2,2.0
ETV5,2.0
ETV6,0.0
EVA1B,1.0
EVI2A,0.0
EVI2B,2.0
EXD2,2.0
EXD3,6.0
EXOC3L2,3.0
EXOC5,3.0
EXOC6,6.0
EXOC6B,0.0
EXOSC10,5.0
EXOSC3,2.0
EXOSC5,4.0
EXOSC9,2.0
EXPH5,5.0
EXT1,8.0
EXTL1,2.0
EXTL2,0.0
EYA1,1.0
EYA2,4.0
EYA4,1.0
EZH1,3.0
EZR,6.0
F12,9.0
FABP3,6.0
FABP5,7.0
FABP5P3,4.0
FABP6,0.0
FABP7,11.0
FADS1,11.0
FADS2,8.0
FADS3,3.0
FADS6,1.0
FAIM2,4.0
FAM102B,7.0
FAM104B,0.0
FAM106A,0.0
FAM107A,6.0
FAM110A,1.0
FAM110C,7.0
FAM111A,6.0
FAM114A1,3.0
FAM117A,9.0
FAM117B,0.0
FAM118A,1.0
FAM118B,2.0
FAM120AOS,6.0
FAM120C,0.0
FAM126B,0.0
FAM129B,6.0
FAM131A,7.0
FAM131B,1.0
FAM133A,0.0
FAM135B,0.0
FAM136A,0.0
FAM13A,2.0
FAM13B,0.0
FAM149A,8.0
FAM151B,9.0
FAM153A,4.0
FAM155A,1.0
FAM160A2,5.0
FAM162A,7.0
FAM162B,1.0
FAM163B,7.0
FAM167A-AS1,5.0
FAM167B,1.0
FAM171A1,0.0
FAM171A2,9.0
FAM171B,8.0
FAM172A,11.0
FAM173A,4.0
FAM177A1,0.0
FAM181A,8.0
FAM181B,6.0
FAM184B,3.0
FAM187A,8.0
FAM189A1,0.0
FAM189A2,2.0
FAM189B,0.0
FAM192A,3.0
FAM196A,1.0
FAM199X,4.0
FAM19A1,7.0
FAM19A2,3.0
FAM201A,3.0
FAM204A,1.0
FAM206A,0.0
FAM207A,4.0
FAM20A,2.0
FAM210A,4.0
FAM210B,1.0
FAM212B,4.0
FAM213A,0.0
FAM214A,0.0
FAM215A,0.0
FAM216A,0.0
FAM217B,0.0
FAM220A,6.0
FAM222A,0.0
FAM222B,0.0
FAM228A,3.0
FAM228B,5.0
FAM234B,1.0
FAM241A,9.0
FAM241B,11.0
FAM27E2,6.0
FAM27E3,3.0
FAM32A,6.0
FAM35BP,0.0
FAM3C,3.0
FAM43A,0.0
FAM43B,0.0
FAM46A,3.0
FAM47E,6.0
FAM49A,4.0
FAM49B,0.0
FAM57B,0.0
FAM69C,4.0
FAM71E1,0.0
FAM71F1,7.0
FAM76B,1.0
FAM78A,0.0
FAM78B,0.0
FAM81A,1.0
FAM84A,1.0
FAM84B,0.0
FAM86B3P,5.0
FAM86C1,3.0
FAM86C2P,2.0
FAM86DP,0.0
FAM86EP,5.0
FAM86FP,4.0
FAM86HP,0.0
FAM89A,7.0
FAM89B,5.0
FAM92A,1.0
FAM98A,2.0
FAM98B,3.0
FAM98C,1.0
FANCI,0.0
FANCL,15.0
FANK1,0.0
FAP,3.0
FAR2,0.0
FAR2P1,8.0
FARP1,9.0
FARP2,1.0
FARSA,2.0
FAS,8.0
FASTKD1,0.0
FASTKD5,0.0
FAT1,6.0
FAU,5.0
FAXC,2.0
FBL,6.0
FBLN1,3.0
FBLN2,2.0
FBLN5,2.0
FBLN7,0.0
FBN1,1.0
FBRSL1,3.0
FBXL12,2.0
FBXL15,2.0
FBXL16,4.0
FBXL18,2.0
FBXL2,6.0
FBXL20,3.0
FBXL4,1.0
FBXL7,1.0
FBXO15,2.0
FBXO16,1.0
FBXO2,8.0
FBXO22,3.0
FBXO25,2.0
FBXO27,6.0
FBXO28,0.0
FBXO3,3.0
FBXO30,1.0
FBXO31,0.0
FBXO32,0.0
FBXO33,0.0
FBXO34,2.0
FBXO40,3.0
FBXO41,4.0
FBXO45,3.0
FBXO46,0.0
FBXO8,0.0
FBXO9,0.0
FBXW2,3.0
FBXW5,3.0
FBXW7,3.0
FBXW9,5.0
FCGBP,3.0
FCGR1B,6.0
FCGR2A,2.0
FCGR3A,5.0
FCGRT,6.0
FCHO2,1.0
FCHSD2,6.0
FCRLB,3.0
FDFT1,6.0
FDPS,4.0
FDPSP2,3.0
FDX1L,2.0
FEN1,2.0
FER1L4,0.0
FERMT1,2.0
FERMT2,5.0
FES,0.0
FEZ2,6.0
FEZF2,4.0
FGD3,11.0
FGD4,3.0
FGF1,0.0
FGF12,2.0
FGF13,0.0
FGF14,0.0
FGF14-AS2,1.0
FGF17,5.0
FGF18,0.0
FGF2,5.0
FGF9,0.0
FGFR1,1.0
FGFR1OP2,3.0
FGFR2,0.0
FGFR3,6.0
FGGY,3.0
FGL2,5.0
FHL1,4.0
FHL2,2.0
FHL5,0.0
FHOD1,4.0
FHOD3,7.0
FIBIN,3.0
FIBP,2.0
FIG4,2.0
FIGN,1.0
FIGNL2,5.0
FILIP1,4.0
FILIP1L,3.0
FIS1,2.0
FITM2,0.0
FIZ1,0.0
FJX1,1.0
FKBP14,4.0
FKBP1A,6.0
FKBP1B,9.0
FKBP2,0.0
FKBP3,2.0
FKBP5,0.0
FKRP,7.0
FKTN,1.0
FLAD1,4.0
FLJ33534,4.0
FLJ42627,0.0
FLOT1,3.0
FLOT2,4.0
FLRT1,7.0
FLRT2,1.0
FLRT3,3.0
FLT1,0.0
FLT3,0.0
FLT4,0.0
FLVCR1,2.0
FLVCR1-AS1,2.0
FLYWCH1,0.0
FLYWCH2,1.0
FMN1,0.0
FMN2,0.0
FMNL1,7.0
FMO2,0.0
FMR1,0.0
FN1,0.0
FN3KRP,5.0
FNBP1L,10.0
FNDC11,2.0
FNDC3A,4.0
FNDC3B,2.0
FNDC4,0.0
FNDC5,0.0
FNDC9,7.0
FNIP2,6.0
FOCAD,0.0
FOLR1,4.0
FOLR2,5.0
FOS,0.0
FOSB,0.0
FOSL2,1.0
FOXC1,0.0
FOXD1,0.0
FOXF1,0.0
FOXF2,1.0
FOXG1,5.0
FOXL2,0.0
FOXN2,0.0
FOXN3,0.0
FOXN3-AS1,6.0
FOXO1,5.0
FOXP1,0.0
FOXP2,0.0
FOXRED1,1.0
FOXRED2,11.0
FPR1,3.0
FRAT1,0.0
FRAT2,0.0
FREM3,4.0
FRK,0.0
FRMD3,9.0
FRMD4A,0.0
FRMD5,0.0
FRMD6,3.0
FRMPD4,0.0
FRRS1L,3.0
FRYL,0.0
FRZB,2.0
FSD1,2.0
FSIP1,8.0
FSTL1,0.0
FSTL4,0.0
FSTL5,3.0
FTH1,7.0
FTL,9.0
FTO,1.0
FUBP3,1.0
FUCA2,2.0
FUNDC1,1.0
FUOM,3.0
FUT9,3.0
FXN,3.0
FXYD1,4.0
FXYD6,6.0
FXYD7,2.0
FYB1,7.0
FYCO1,5.0
FYN,6.0
FYTTD1,1.0
FZD1,10.0
FZD2,4.0
FZD3,3.0
FZD6,0.0
FZD7,2.0
FZD9,4.0
FZR1,6.0
G3BP1,1.0
G6PD,1.0
GAA,0.0
GABARAP,4.0
GABARAPL1,4.0
GABARAPL3,2.0
GABBR1,7.0
GABBR2,6.0
GABPA,0.0
GABPB1,0.0
GABPB1-IT1,1.0
GABRA1,0.0
GABRA2,6.0
GABRA3,5.0
GABRA4,0.0
GABRA5,7.0
GABRB1,7.0
GABRB2,1.0
GABRB3,15.0
GABRD,1.0
GABRE,15.0
GABRG1,9.0
GABRG2,0.0
GAD2,1.0
GADD45B,0.0
GAL,0.0
GAL3ST4,2.0
GALK2,2.0
GALM,6.0
GALNT1,0.0
GALNT10,5.0
GALNT11,5.0
GALNT14,5.0
GALNT15,0.0
GALNT16,0.0
GALNT17,3.0
GALNT7,6.0
GALNT9,2.0
GALNTL5,4.0
GALR1,1.0
GALT,0.0
GAMT,2.0
GAP43,7.0
GAR1,5.0
GAREM2,5.0
GARNL3,0.0
GART,0.0
GAS2,0.0
GAS6,0.0
GAS7,3.0
GAS8,1.0
GASAL1,7.0
GAST,3.0
GATAD2A,0.0
GATB,2.0
GBA,5.0
GBA2,3.0
GBAP1,4.0
GBE1,0.0
GBF1,2.0
GBP3,0.0
GBP4,0.0
GCC2,1.0
GCLM,0.0
GCNT1,4.0
GCNT4,1.0
GDA,6.0
GDAP1L1,5.0
GDAP2,0.0
GDF10,0.0
GDF11,4.0
GDPD1,1.0
GDPD2,6.0
GDPD5,0.0
GEM,0.0
GEMIN2,5.0
GEMIN5,2.0
GEMIN7,0.0
GFAP,1.0
GFOD1,4.0
GFOD2,1.0
GFPT1,7.0
GFPT2,1.0
GFRA1,0.0
GFRA2,0.0
GGA2,0.0
GGA3,2.0
GGCT,6.0
GGCX,8.0
GGN,6.0
GGNBP2,2.0
GGT6,2.0
GGT7,2.0
GGTA1P,3.0
GHR,15.0
GHRLOS,0.0
GID8,1.0
GIGYF1,0.0
GIMAP2,7.0
GINM1,5.0
GINS2,9.0
GINS3,1.0
GIT2,0.0
GJA1,8.0
GJB1,0.0
GJB6,12.0
GJC2,0.0
GK,0.0
GLA,0.0
GLB1,1.0
GLCCI1,0.0
GLDC,6.0
GLG1,1.0
GLI1,9.0
GLI3,5.0
GLIPR1,0.0
GLIPR1L2,3.0
GLIPR2,4.0
GLIS1,3.0
GLIS3,0.0
GLMN,1.0
GLMP,1.0
GLOD4,18.0
GLP2R,7.0
GLRA2,9.0
GLRA3,6.0
GLRB,1.0
GLRX,0.0
GLRX2,2.0
GLS,1.0
GLS2,0.0
GLT1D1,3.0
GLT8D2,15.0
GLUD1,5.0
GLUD2,9.0
GM2A,0.0
GMCL1,0.0
GMDS,4.0
GMFB,7.0
GMFG,4.0
GMIP,8.0
GMNN,0.0
GMPPB,3.0
GMPR,0.0
GMPR2,2.0
GNA11,3.0
GNA12,5.0
GNA13,3.0
GNA14,0.0
GNAL,6.0
GNAO1,0.0
GNAQ,7.0
GNAS,0.0
GNAZ,6.0
GNB1L,4.0
GNB2,9.0
GNB3,1.0
GNB4,8.0
GNB5,4.0
GNG10,10.0
GNG12,4.0
GNG13,0.0
GNG2,12.0
GNG3,4.0
GNG4,7.0
GNG7,0.0
GNG8,2.0
GNL1,0.0
GNPDA2,0.0
GNPNAT1,2.0
GNPTAB,9.0
GNRH1,0.0
GNS,2.0
GOLGA2,3.0
GOLGA6L10,0.0
GOLGA6L17P,2.0
GOLGA7B,2.0
GOLGA8A,1.0
GOLGB1,4.0
GOLM1,6.0
GOLPH3,0.0
GOLT1A,8.0
GON4L,0.0
GOPC,0.0
GOT1,1.0
GOT2,1.0
GPAM,3.0
GPAT3,0.0
GPATCH11,1.0
GPATCH3,0.0
GPATCH4,3.0
GPATCH8,1.0
GPBP1L1,0.0
GPC4,13.0
GPC5,6.0
GPC6,2.0
GPCPD1,0.0
GPD1,0.0
GPD1L,1.0
GPD2,9.0
GPHN,1.0
GPI,6.0
GPKOW,2.0
GPLD1,1.0
GPM6A,9.0
GPM6B,8.0
GPNMB,5.0
GPR107,2.0
GPR108,0.0
GPR137,2.0
GPR137B,2.0
GPR137C,0.0
GPR143,5.0
GPR146,0.0
GPR149,1.0
GPR150,0.0
GPR155,2.0
GPR158,0.0
GPR161,0.0
GPR162,3.0
GPR171,1.0
GPR183,1.0
GPR19,1.0
GPR20,0.0
GPR22,4.0
GPR26,1.0
GPR34,5.0
GPR39,6.0
GPR4,0.0
GPR52,1.0
GPR6,7.0
GPR61,1.0
GPR68,8.0
GPR75,0.0
GPR85,0.0
GPR88,13.0
GPRASP1,3.0
GPRC5C,4.0
GPRIN1,6.0
GPRIN2,5.0
GPS1,2.0
GPSM1,8.0
GPSM2,0.0
GPSM3,1.0
GPT2,7.0
GPX1,4.0
GPX3,0.0
GPX7,2.0
GRAMD1B,1.0
GRAMD1C,4.0
GRAMD2B,3.0
GRAMD4,7.0
GRASP,5.0
GRB10,1.0
GRB14,7.0
GREB1L,1.0
GRIA1,8.0
GRIA2,6.0
GRIA3,3.0
GRIA4,5.0
GRID2,6.0
GRIK1,8.0
GRIK2,12.0
GRIK3,6.0
GRIK4,1.0
GRIN1,1.0
GRIN2A,0.0
GRIN3A,6.0
GRIP2,2.0
GRIPAP1,3.0
GRK2,3.0
GRK3,4.0
GRK5,7.0
GRK6,5.0
GRM1,11.0
GRM3,2.0
GRM4,0.0
GRM5,5.0
GRM8,6.0
GRN,3.0
GRP,7.0
GRPEL2,0.0
GRPR,7.0
GRSF1,4.0
GS1-124K5.11,2.0
GSAP,2.0
GSDMB,1.0
GSDME,4.0
GSE1,2.0
GSG1L,4.0
GSK3A,5.0
GSK3B,2.0
GSKIP,6.0
GSN,0.0
GSPT2,5.0
GSR,0.0
GSTA4,4.0
GSTM1,4.0
GSTM2,8.0
GSTM2P1,3.0
GSTM3,4.0
GSTM5,12.0
GSTP1,3.0
GSTT1,0.0
GTDC1,3.0
GTF2F2,11.0
GTF2H2B,1.0
GTF2H4,2.0
GTF2H5,5.0
GTF2IRD1,0.0
GTF3C3,0.0
GTF3C6,3.0
GTPBP2,2.0
GUCA1B,3.0
GUCA2B,0.0
GUCD1,0.0
GUCY1A1,6.0
GUCY1A2,0.0
GUK1,4.0
GULP1,3.0
GUSBP4,0.0
GXYLT1,2.0
GXYLT2,2.0
GYG2,3.0
GZF1,0.0
H1F0,1.0
H1FX,4.0
H2AFJ,2.0
H2AFV,4.0
H2AFZ,4.0
H2BFS,3.0
H3F3C,4.0
H6PD,1.0
HAAO,3.0
HACD1,6.0
HACD2,3.0
HACD4,9.0
HACE1,2.0
HACL1,1.0
HADH,7.0
HADHA,0.0
HADHB,2.0
HAGH,2.0
HAGHL,0.0
HAPLN2,0.0
HAPLN4,0.0
HARS,0.0
HAUS3,2.0
HAUS7,0.0
HAVCR2,6.0
HBEGF,0.0
HBP1,0.0
HBQ1,4.0
HCFC1R1,1.0
HCG23,15.0
HCG4,0.0
HCK,3.0
HCLS1,6.0
HCN1,0.0
HCN2,0.0
HCN3,1.0
HCN4,2.0
HCST,4.0
HDAC1,5.0
HDAC10,5.0
HDAC2,5.0
HDAC4,1.0
HDAC7,1.0
HDAC8,2.0
HDAC9,4.0
HDC,8.0
HDGF,1.0
HDGFL3,6.0
HDHD3,1.0
HEATR1,0.0
HEATR3,1.0
HEBP1,2.0
HEBP2,1.0
HECA,0.0
HECTD1,0.0
HECTD2,8.0
HECW1,0.0
HECW2,1.0
HELQ,0.0
HEPACAM,4.0
HERC1,2.0
HERC2,7.0
HERC3,0.0
HERC5,5.0
HERC6,0.0
HERPUD1,1.0
HES1,2.0
HES4,5.0
HES5,8.0
HES6,0.0
HEXB,0.0
HEXIM1,0.0
HEY1,3.0
HEY2,4.0
HEYL,4.0
HGD,2.0
HGF,5.0
HGH1,8.0
HGS,1.0
HGSNAT,2.0
HHEX,5.0
HHIP-AS1,1.0
HHIPL1,6.0
HIBADH,0.0
HIBCH,7.0
HIC2,2.0
HIKESHI,5.0
HILS1,6.0
HINFP,2.0
HINT1,7.0
HIRA,4.0
HIST1H1A,2.0
HIST1H1D,0.0
HIST1H2AD,2.0
HIST1H2AG,1.0
HIST1H2AK,1.0
HIST1H2AM,3.0
HIST1H2APS1,0.0
HIST1H2BB,4.0
HIST1H2BE,1.0
HIST1H2BF,4.0
HIST1H2BH,3.0
HIST1H2BK,12.0
HIST1H2BL,3.0
HIST1H2BO,5.0
HIST1H4A,0.0
HIST2H2AC,5.0
HIST2H2BE,2.0
HIST3H2A,2.0
HIST4H4,0.0
HIVEP1,3.0
HIVEP2,0.0
HK1,4.0
HK2,4.0
HKR1,2.0
HLA-C,2.0
HLA-DMA,4.0
HLA-DMB,6.0
HLA-DOA,6.0
HLA-DOB,0.0
HLA-DPA1,3.0
HLA-DPB1,0.0
HLA-DPB2,0.0
HLA-DRA,5.0
HLA-E,0.0
HLA-F,4.0
HLA-G,3.0
HLA-H,2.0
HLCS,2.0
HLF,0.0
HLTF,0.0
HMBS,0.0
HMCES,0.0
HMG20A,5.0
HMG20B,3.0
HMGA1,6.0
HMGB1,10.0
HMGCR,8.0
HMGCS1,5.0
HMGN1,4.0
HMGXB3,0.0
HNMT,10.0
HNRNPA1L2,0.0
HNRNPA3,1.0
HNRNPA3P1,1.0
HNRNPC,11.0
HNRNPL,0.0
HNRNPU,2.0
HNRNPUL1,3.0
HNRNPUL2,0.0
HOMER1,1.0
HOMER3,0.0
HOMEZ,1.0
HOOK2,4.0
HOPX,9.0
HPCA,5.0
HPCAL1,6.0
HPCAL4,12.0
HPGD,2.0
HPGDS,1.0
HPN,0.0
HPRT1,3.0
HPS1,0.0
HPS4,2.0
HPS6,2.0
HPSE2,0.0
HR,0.0
HRAS,6.0
HRASLS,5.0
HRH1,8.0
HRH2,1.0
HRH3,0.0
HRK,4.0
HS2ST1,12.0
HS3ST1,0.0
HS3ST2,3.0
HS3ST4,5.0
HS3ST5,0.0
HS6ST1,1.0
HS6ST2,0.0
HS6ST3,2.0
HSBP1,6.0
HSBP1L1,0.0
HSD11B1,0.0
HSD11B1L,6.0
HSD11B2,1.0
HSD17B10,4.0
HSD17B11,3.0
HSDL2,6.0
HSF2,2.0
HSP90AA1,0.0
HSP90B1,7.0
HSPA12A,2.0
HSPA1A,0.0
HSPA4,1.0
HSPA4L,0.0
HSPA5,0.0
HSPA6,1.0
HSPA8,2.0
HSPB1,0.0
HSPB11,11.0
HSPB2,0.0
HSPB3,3.0
HSPB8,0.0
HSPB9,0.0
HSPBAP1,0.0
HTR1A,9.0
HTR1E,0.0
HTR1F,1.0
HTR2A,4.0
HTR2C,6.0
HTR4,5.0
HTR5A,1.0
HTR7,7.0
HTR7P1,8.0
HTRA2,5.0
HTT,3.0
HUNK,1.0
HUWE1,0.0
HVCN1,0.0
HYAL2,0.0
HYAL3,2.0
HYDIN,5.0
HYI,10.0
HYKK,3.0
HYLS1,1.0
IARS,4.0
ICA1,1.0
ICA1L,6.0
ICAM3,10.0
ICAM5,8.0
ICE1,5.0
ICE2,0.0
ICK,1.0
ID2,4.0
ID4,6.0
IDE,0.0
IDH1-AS1,3.0
IDH3G,0.0
IDI1,4.0
IDI2-AS1,0.0
IDNK,5.0
IDS,0.0
IER2,1.0
IER3IP1,4.0
IER5,1.0
IER5L,1.0
IFFO1,0.0
IFFO2,2.0
IFI16,8.0
IFI27,0.0
IFI27L1,10.0
IFI27L2,6.0
IFI30,5.0
IFI44,3.0
IFI44L,1.0
IFIH1,0.0
IFIT1,3.0
IFIT5,0.0
IFITM10,2.0
IFNAR2,0.0
IFNGR1,4.0
IFNLR1,1.0
IFRD1,3.0
IFRD2,1.0
IFT122,1.0
IFT172,1.0
IFT22,8.0
IFT52,2.0
IFT57,0.0
IFT74,5.0
IFT81,1.0
IFT88,2.0
IGBP1,6.0
IGDCC3,6.0
IGDCC4,8.0
IGF1,8.0
IGF2BP2,0.0
IGF2BP3,0.0
IGFALS,0.0
IGFBP2,0.0
IGFBP3,2.0
IGFBP5,9.0
IGFBP6,1.0
IGFBPL1,2.0
IGFLR1,0.0
IGFN1,10.0
IGHMBP2,1.0
IGIP,0.0
IGLL1,0.0
IGLL3P,0.0
IGLON5,1.0
IGSF1,0.0
IGSF21,2.0
IGSF22,12.0
IGSF3,1.0
IGSF6,7.0
IGSF8,3.0
IKBIP,8.0
IKBKB,0.0
IKZF2,0.0
IL10RB,0.0
IL12RB2,7.0
IL13RA1,6.0
IL13RA2,17.0
IL17D,8.0
IL17RA,1.0
IL17RB,6.0
IL17RD,5.0
IL1B,13.0
IL1RAP,0.0
IL1RAPL2,4.0
IL27RA,4.0
IL32,0.0
IL33,7.0
IL34,11.0
IL3RA,3.0
ILDR2,4.0
ILF3,1.0
ILVBL,1.0
IMP4,3.0
IMPA1,3.0
IMPACT,7.0
IMPAD1,0.0
IMPDH2,0.0
INA,0.0
INCENP,6.0
INF2,0.0
ING1,3.0
ING2,3.0
ING3,0.0
INHBA,0.0
INHBB,4.0
INIP,0.0
INPP4A,6.0
INPP4B,7.0
INPP5A,0.0
INPP5B,0.0
INPP5D,0.0
INPP5E,2.0
INPP5F,0.0
INPP5J,1.0
INSM1,9.0
INSM2,0.0
INTS10,4.0
INTS12,2.0
INTS13,0.0
INTS14,1.0
INTS4,4.0
INTS4P1,0.0
INTS6,2.0
INTS6L,3.0
INTS8,0.0
INTS9,0.0
INTU,7.0
IP6K2,0.0
IPCEF1,0.0
IPO5,3.0
IPO5P1,12.0
IPO9,3.0
IPW,0.0
IQCA1,5.0
IQCB1,2.0
IQCE,2.0
IQCG,4.0
IQCH-AS1,0.0
IQCJ,8.0
IQCK,8.0
IQGAP1,1.0
IQSEC1,2.0
IQSEC2,5.0
IQUB,0.0
IRAK1BP1,0.0
IRF2,1.0
IRF2BPL,8.0
IRF5,6.0
IRF7,5.0
IRS1,0.0
ISG15,12.0
ISLR,1.0
ISLR2,2.0
ISM1,1.0
ISOC1,4.0
ISYNA1,3.0
ITCH,0.0
ITGA1,0.0
ITGA11,0.0
ITGA2B,0.0
ITGA5,3.0
ITGA8,0.0
ITGAX,8.0
ITGB1,0.0
ITGB1BP1,1.0
ITGB2,7.0
ITGB3BP,0.0
ITGB4,0.0
ITGB7,3.0
ITGB8,3.0
ITIH5,0.0
ITM2A,0.0
ITM2C,3.0
ITPK1,1.0
ITPKA,3.0
ITPKB,3.0
ITPKC,2.0
ITPR1,0.0
ITPR2,0.0
ITPRIP,0.0
ITPRIPL2,12.0
IVNS1ABP,0.0
IWS1,1.0
JADE1,1.0
JADE3,0.0
JAG1,1.0
JAK1,2.0
JAK2,0.0
JAKMIP1,3.0
JAKMIP2,2.0
JAM2,0.0
JAM3,0.0
JAZF1,4.0
JCAD,3.0
JDP2,0.0
JHY,0.0
JMJD1C,0.0
JMJD1C-AS1,3.0
JMJD4,5.0
JMJD7,12.0
JOSD1,2.0
JOSD2,0.0
JPH3,9.0
JPH4,10.0
JPT1,10.0
JRK,2.0
JTB,3.0
JUP,2.0
KALRN,0.0
KANK1,5.0
KANK4,0.0
KANSL1,0.0
KANSL1L,1.0
KANSL3,3.0
KAT14,8.0
KAT2B,2.0
KAT7,4.0
KAT8,0.0
KATNAL1,1.0
KATNB1,2.0
KATNBL1,3.0
KAZALD1,0.0
KBTBD11,1.0
KBTBD12,2.0
KBTBD2,0.0
KBTBD3,1.0
KBTBD4,1.0
KBTBD6,9.0
KBTBD7,2.0
KCMF1,7.0
KCNA1,0.0
KCNA2,0.0
KCNA3,8.0
KCNA4,10.0
KCNA5,2.0
KCNAB1,4.0
KCNAB2,3.0
KCNAB3,0.0
KCNB1,0.0
KCNB2,6.0
KCNC1,0.0
KCNC2,1.0
KCNC3,0.0
KCNC4,0.0
KCND2,0.0
KCND3,3.0
KCNE4,5.0
KCNE5,1.0
KCNF1,1.0
KCNG1,7.0
KCNG3,1.0
KCNH1,1.0
KCNH3,3.0
KCNH4,1.0
KCNH5,1.0
KCNH6,0.0
KCNH7,4.0
KCNIP2,0.0
KCNIP3,3.0
KCNJ10,5.0
KCNJ11,0.0
KCNJ12,3.0
KCNJ14,0.0
KCNJ2,0.0
KCNJ3,1.0
KCNJ4,3.0
KCNJ6,5.0
KCNJ8,1.0
KCNJ9,4.0
KCNK1,4.0
KCNK10,2.0
KCNK12,3.0
KCNK2,9.0
KCNK3,3.0
KCNK6,4.0
KCNMA1,3.0
KCNMB2,3.0
KCNMB4,5.0
KCNN1,5.0
KCNN2,4.0
KCNN3,8.0
KCNN4,0.0
KCNQ1,7.0
KCNQ1DN,0.0
KCNQ2,5.0
KCNQ5,0.0
KCNS1,0.0
KCNS2,1.0
KCNS3,1.0
KCNT1,0.0
KCNT2,5.0
KCNV1,3.0
KCTD1,0.0
KCTD10,9.0
KCTD12,11.0
KCTD15,8.0
KCTD16,2.0
KCTD18,0.0
KCTD21,9.0
KCTD3,2.0
KCTD4,16.0
KCTD6,4.0
KCTD8,1.0
KCTD9,0.0
KDELR1,3.0
KDELR2,5.0
KDF1,0.0
KDM1B,9.0
KDM2B,1.0
KDM4A,0.0
KDM5A,0.0
KDM7A,0.0
KDSR,5.0
KHDC1,2.0
KHDC1L,1.0
KHDC4,1.0
KHDRBS1,3.0
KHDRBS2,4.0
KHDRBS3,3.0
KHK,3.0
KHSRP,2.0
KIAA0319,13.0
KIAA0368,1.0
KIAA0391,0.0
KIAA0513,3.0
KIAA0586,1.0
KIAA0753,0.0
KIAA0895L,4.0
KIAA1024,10.0
KIAA1107,0.0
KIAA1109,0.0
KIAA1211,7.0
KIAA1211L,3.0
KIAA1217,3.0
KIAA1257,1.0
KIAA1324,1.0
KIAA1324L,0.0
KIAA1328,2.0
KIAA1522,5.0
KIAA1549,3.0
KIAA1549L,2.0
KIAA1614,0.0
KIAA1841,0.0
KIAA1958,0.0
KIAA2013,2.0
KIF17,2.0
KIF1A,7.0
KIF21A,1.0
KIF21B,9.0
KIF22,7.0
KIF27,3.0
KIF2A,12.0
KIF3A,5.0
KIF3B,6.0
KIF3C,5.0
KIF5A,4.0
KIF5C,4.0
KIF6,0.0
KIF9,0.0
KIF9-AS1,1.0
KIFAP3,3.0
KIFC2,1.0
KIRREL1,1.0
KIRREL2,8.0
KIRREL3,9.0
KIT,0.0
KITLG,0.0
KIZ,1.0
KLC2,0.0
KLF10,11.0
KLF11,1.0
KLF12,0.0
KLF13,2.0
KLF3,0.0
KLF4,0.0
KLF6,5.0
KLF8,4.0
KLF9,0.0
KLHDC1,0.0
KLHDC2,1.0
KLHDC3,3.0
KLHDC8A,3.0
KLHDC8B,10.0
KLHDC9,2.0
KLHL1,7.0
KLHL13,3.0
KLHL15,0.0
KLHL18,2.0
KLHL2,3.0
KLHL20,0.0
KLHL22,3.0
KLHL24,0.0
KLHL25,0.0
KLHL28,0.0
KLHL29,0.0
KLHL3,0.0
KLHL35,4.0
KLHL36,1.0
KLHL42,4.0
KLHL5,6.0
KLHL8,3.0
KLHL9,0.0
KLK10,8.0
KLK5,8.0
KLK6,0.0
KLK7,5.0
KLKB1,2.0
KLRC3,4.0
KLRG1,12.0
KMT2A,0.0
KMT2B,2.0
KMT2C,1.0
KMT5B,0.0
KNDC1,2.0
KNG1,0.0
KNSTRN,5.0
KPNA2,3.0
KPNA4,2.0
KRAS,5.0
KRBA1,1.0
KRBOX4,11.0
KREMEN1,0.0
KRIT1,0.0
KRT14,3.0
KRT17,5.0
KRT19,1.0
KRT31,0.0
KRT8,0.0
KRT86,4.0
KRTAP5-2,0.0
KRTAP5-6,2.0
KRTCAP2,0.0
KRTCAP3,1.0
KSR2,1.0
KTN1,1.0
KYAT1,0.0
KYNU,0.0
L2HGDH,0.0
L3MBTL4,6.0
LACTB2,1.0
LAG3,0.0
LAGE3,3.0
LAMA1,10.0
LAMA2,0.0
LAMA3,2.0
LAMA4,0.0
LAMB1,4.0
LAMB2,2.0
LAMB2P1,2.0
LAMB3,1.0
LAMP1,2.0
LAMP2,0.0
LAMP5,1.0
LAMTOR1,1.0
LAMTOR3,3.0
LAMTOR4,1.0
LAMTOR5,2.0
LANCL1,0.0
LANCL2,8.0
LANCL3,0.0
LAPTM4A,4.0
LAPTM4B,0.0
LAPTM5,9.0
LARGE1,6.0
LARP1,8.0
LARP1B,2.0
LARP4,0.0
LARP7,2.0
LARS,0.0
LAT2,2.0
LATS2,0.0
LAYN,0.0
LBH,1.0
LBR,2.0
LCA5,0.0
LCE3C,0.0
LCLAT1,5.0
LCMT1,2.0
LCN12,4.0
LCN15,4.0
LCP1,5.0
LCP2,0.0
LCTL,6.0
LDAH,2.0
LDB2,1.0
LDHA,2.0
LDHB,2.0
LDHC,3.0
LDHD,9.0
LDLR,0.0
LDLRAD4,0.0
LEAP2,0.0
LEF1,0.0
LEF1-AS1,3.0
LEPR,0.0
LEPROT,5.0
LEPROTL1,0.0
LETMD1,2.0
LFNG,5.0
LGALS1,0.0
LGALS3BP,2.0
LGALS9C,4.0
LGI1,0.0
LGI2,0.0
LGI3,0.0
LGI4,10.0
LGMN,4.0
LGR4,10.0
LGR6,0.0
LHFPL2,3.0
LHFPL3,4.0
LHFPL4,3.0
LHFPL6,8.0
LHPP,6.0
LHX1,1.0
LHX2,9.0
LHX6,2.0
LHX8,1.0
LIAS,0.0
LIFR,1.0
LIFR-AS1,1.0
LILRB4,3.0
LILRP2,1.0
LIMD2,6.0
LIMK1,2.0
LIMK2,4.0
LIMS1,1.0
LIMS2,0.0
LIN28B,0.0
LIN7A,1.0
LIN7B,9.0
LIN9,1.0
LINC-PINT,3.0
LINC00158,4.0
LINC00260,11.0
LINC00294,8.0
LINC00319,5.0
LINC00320,8.0
LINC00467,3.0
LINC00473,2.0
LINC00476,2.0
LINC00484,9.0
LINC00507,3.0
LINC00515,0.0
LINC00599,0.0
LINC00622,2.0
LINC00632,2.0
LINC00643,6.0
LINC00667,0.0
LINC00672,2.0
LINC00680,0.0
LINC00839,2.0
LINC00842,0.0
LINC00886,7.0
LINC00889,0.0
LINC00900,10.0
LINC00950,6.0
LINC00958,0.0
LINC00965,4.0
LINC01011,4.0
LINC01088,2.0
LINC01089,1.0
LINC01094,3.0
LINC01102,0.0
LINC01105,5.0
LINC01106,3.0
LINC01116,4.0
LINC01128,1.0
LINC01137,0.0
LINC01140,6.0
LINC01158,0.0
LINC01197,5.0
LINC01260,0.0
LINC01296,4.0
LINC01315,3.0
LINC01485,7.0
LINC01547,10.0
LINC01551,6.0
LINC01637,0.0
LINC01664,1.0
LINC01736,4.0
LINC01750,7.0
LINC01792,3.0
LINC01869,0.0
LINC01963,2.0
LINC02076,9.0
LINC02210,1.0
LINC02217,3.0
LINC02361,3.0
LINC02381,3.0
LINC02482,6.0
LINGO1,3.0
LINGO2,4.0
LINGO3,5.0
LINS1,3.0
LIPE,0.0
LITAF,0.0
LIX1,5.0
LIX1L,8.0
LMAN1,1.0
LMAN2L,10.0
LMBR1,0.0
LMCD1,2.0
LMF1,6.0
LMLN,0.0
LMNA,2.0
LMO1,13.0
LMO2,0.0
LMO3,3.0
LMO4,3.0
LMO7,1.0
LMTK2,1.0
LNP1,1.0
LNX1,4.0
LNX2,2.0
LOC100129291,16.0
LOC100233156,2.0
LOC100240735,4.0
LOC100289230,3.0
LOC100294145,0.0
LOC100505915,10.0
LOC100506124,0.0
LOC100506271,12.0
LOC100507351,10.0
LOC100996385,3.0
LOC101927550,0.0
LOC101928087,1.0
LOC105274304,0.0
LOC105372480,4.0
LOC105372990,0.0
LOC105373383,7.0
LOC105376360,2.0
LOC285097,13.0
LOC389834,1.0
LOC389906,4.0
LOC390705,6.0
LOC440084,1.0
LOC440300,4.0
LOC441052,13.0
LOC441666,3.0
LOC642929,1.0
LOC643406,0.0
LOC728024,1.0
LOC728554,0.0
LOC728715,11.0
LOC728743,0.0
LOC729683,3.0
LOC729737,1.0
LOC729930,3.0
LOC730098,0.0
LOC90246,0.0
LOH12CR2,12.0
LONP1,1.0
LONRF2,8.0
LONRF3,0.0
LOR,10.0
LOXL1,6.0
LOXL3,10.0
LPAR6,4.0
LPCAT1,7.0
LPCAT2,4.0
LPCAT4,0.0
LPGAT1,0.0
LPIN1,1.0
LPIN2,0.0
LPL,0.0
LPP,1.0
LPXN,0.0
LRCH1,0.0
LRCH2,10.0
LRCOL1,6.0
LRFN2,6.0
LRFN4,10.0
LRFN5,2.0
LRIG3,0.0
LRMDA,4.0
LRP10,4.0
LRP12,1.0
LRP1B,6.0
LRP4,2.0
LRP8,3.0
LRPAP1,1.0
LRRC1,0.0
LRRC14,2.0
LRRC17,0.0
LRRC2,7.0
LRRC20,1.0
LRRC28,5.0
LRRC34,1.0
LRRC36,6.0
LRRC37A4P,0.0
LRRC37B,8.0
LRRC38,0.0
LRRC3B,7.0
LRRC4,1.0
LRRC40,2.0
LRRC46,1.0
LRRC49,0.0
LRRC4B,2.0
LRRC4C,2.0
LRRC56,11.0
LRRC57,6.0
LRRC59,0.0
LRRC61,6.0
LRRC63,0.0
LRRC7,8.0
LRRC73,4.0
LRRC75A,3.0
LRRC75A-AS1,6.0
LRRC8A,2.0
LRRC8B,2.0
LRRC8D,1.0
LRRFIP1,0.0
LRRFIP2,0.0
LRRIQ1,6.0
LRRK1,2.0
LRRK2,0.0
LRRN1,5.0
LRRN2,5.0
LRRN3,0.0
LRRTM1,9.0
LRRTM2,1.0
LRRTM3,0.0
LRRTM4,2.0
LRSAM1,3.0
LSAMP,2.0
LSM10,1.0
LSM11,2.0
LSM14A,4.0
LSM3,10.0
LSM4,8.0
LSM7,5.0
LSMEM1,0.0
LSP1,9.0
LSS,0.0
LST1,6.0
LTB,0.0
LTBP4,13.0
LTC4S,4.0
LTK,3.0
LTN1,0.0
LURAP1L,1.0
LUZP1,0.0
LUZP2,7.0
LXN,2.0
LY6D,1.0
LY6E,4.0
LY6H,13.0
LY86,4.0
LY86-AS1,3.0
LY96,4.0
LYAR,1.0
LYNX1,1.0
LYPD1,11.0
LYPD5,0.0
LYPD6,6.0
LYPD8,5.0
LYPLA1,1.0
LYPLAL1,6.0
LYRM1,6.0
LYRM4,2.0
LYRM7,1.0
LYRM9,9.0
LYSMD1,5.0
LYSMD4,0.0
LYST,0.0
LZIC,2.0
LZTFL1,2.0
LZTS1,1.0
LZTS3,0.0
M6PR,0.0
MAATS1,2.0
MACF1,1.0
MACO1,3.0
MACROD2,6.0
MAD1L1,0.0
MADCAM1,0.0
MADD,2.0
MAEL,5.0
MAFB,1.0
MAFG,9.0
MAFK,7.0
MAGED1,6.0
MAGEF1,4.0
MAGEH1,9.0
MAGEL2,0.0
MAGI1,2.0
MAGI2,3.0
MAGI2-AS3,0.0
MAGI3,1.0
MAGT1,1.0
MAL2,1.0
MALAT1,2.0
MALL,4.0
MALSU1,2.0
MAML2,5.0
MAML3,1.0
MAMLD1,3.0
MAN1A1,8.0
MAN1B1-AS1,4.0
MAN1C1,3.0
MAN2A1,0.0
MANEA,1.0
MANEAL,5.0
MANF,3.0
MAOA,2.0
MAOB,6.0
MAP1A,1.0
MAP1B,0.0
MAP1LC3B,0.0
MAP2K1,6.0
MAP2K3,0.0
MAP2K4,3.0
MAP2K5,4.0
MAP3K1,2.0
MAP3K10,2.0
MAP3K12,3.0
MAP3K13,0.0
MAP3K14,0.0
MAP3K2,0.0
MAP3K20,0.0
MAP3K21,1.0
MAP3K3,0.0
MAP3K5,8.0
MAP3K6,0.0
MAP3K9,2.0
MAP4,4.0
MAP4K2,0.0
MAP6D1,0.0
MAP7D3,2.0
MAP9,0.0
MAPK1,13.0
MAPK10,0.0
MAPK11,2.0
MAPK12,4.0
MAPK13,1.0
MAPK14,3.0
MAPK1IP1L,7.0
MAPK3,12.0
MAPK4,0.0
MAPK7,2.0
MAPK8,3.0
MAPK8IP2,7.0
MAPK9,1.0
MAPKAP1,4.0
MAPKAPK5-AS1,6.0
MAPKBP1,2.0
MAPRE2,2.0
MAPT,5.0
MARCH1,5.0
MARCH11,4.0
MARCH2,0.0
MARCH3,7.0
MARCH5,10.0
MARCH6,0.0
MARCH7,2.0
MARCH8,3.0
MARCKS,14.0
MARF1,0.0
MAST3,4.0
MAST4,0.0
MAT2B,0.0
MATK,1.0
MATN2,4.0
MATN4,0.0
MAZ,6.0
MB21D2,4.0
MBD1,4.0
MBD2,0.0
MBD3,4.0
MBD6,0.0
MBL1P,0.0
MBLAC1,1.0
MBLAC2,14.0
MBNL1,0.0
MBNL2,0.0
MBNL3,3.0
MBOAT1,0.0
MBOAT2,7.0
MBOAT7,7.0
MBP,2.0
MC1R,0.0
MCAM,0.0
MCCC2,2.0
MCF2,0.0
MCF2L,2.0
MCF2L-AS1,0.0
MCF2L2,0.0
MCHR1,1.0
MCHR2,3.0
MCL1,0.0
MCM3,4.0
MCM3AP-AS1,0.0
MCM4,4.0
MCM6,4.0
MCM7,0.0
MCM9,1.0
MCMBP,2.0
MCOLN1,0.0
MCRIP1,5.0
MCRS1,1.0
MCTP1,4.0
MCTS1,1.0
MCU,1.0
MCUB,9.0
MCUR1,8.0
MDGA1,4.0
MDGA2,2.0
MDH1,2.0
MDH2,4.0
MDK,3.0
MDM2,0.0
MDM4,0.0
ME1,4.0
ME2,3.0
ME3,8.0
MEA1,5.0
MECOM,0.0
MED10,8.0
MED11,0.0
MED13,0.0
MED14,1.0
MED16,4.0
MED27,5.0
MED31,2.0
MED8,6.0
MEDAG,1.0
MEF2A,0.0
MEF2C,5.0
MEG3,2.0
MEGF10,0.0
MEGF11,6.0
MEGF8,3.0
MEI1,1.0
MEIKIN,4.0
MEIS1,0.0
MEIS2,0.0
MEIS3,6.0
MEIS3P1,0.0
MELTF,2.0
MEPCE,0.0
MESD,2.0
MESP1,10.0
MEST,10.0
MET,7.0
METAP1,5.0
METRN,7.0
METRNL,3.0
METTL1,3.0
METTL13,0.0
METTL15,1.0
METTL17,0.0
METTL21A,1.0
METTL24,0.0
METTL5,7.0
METTL6,8.0
METTL8,1.0
METTL9,3.0
MEX3A,9.0
MEX3B,3.0
MEX3C,0.0
MFAP1,5.0
MFAP3,0.0
MFGE8,0.0
MFHAS1,1.0
MFNG,1.0
MFSD1,1.0
MFSD12,4.0
MFSD13A,1.0
MFSD3,3.0
MFSD4A,5.0
MFSD6,1.0
MFSD8,0.0
MFSD9,0.0
MGARP,0.0
MGAT1,2.0
MGAT4A,0.0
MGAT4B,14.0
MGAT4C,0.0
MGAT5,0.0
MGAT5B,4.0
MGC16275,7.0
MGLL,3.0
MGME1,3.0
MGMT,6.0
MGP,2.0
MGST1,12.0
MGST2,0.0
MGST3,4.0
MIAT,1.0
MIB1,0.0
MICAL1,1.0
MICAL2,2.0
MICAL3,2.0
MICALL1,0.0
MICB,0.0
MICU3,0.0
MID2,0.0
MIEF1,3.0
MIEF2,4.0
MIF,7.0
MIGA1,1.0
MILR1,9.0
MINDY2,0.0
MINDY3,0.0
MINK1,4.0
MINOS1,4.0
MIOS,0.0
MIR124-2HG,0.0
MIR22HG,1.0
MIR29B2CHG,0.0
MIR4435-2HG,4.0
MIR4697HG,0.0
MIR600HG,0.0
MIR7-3HG,5.0
MIR9-3HG,1.0
MIR99AHG,6.0
MIS18A,1.0
MIS18BP1,0.0
MITF,0.0
MKKS,0.0
MKL1,5.0
MKL2,7.0
MKLN1,0.0
MKNK1,16.0
MKNK2,0.0
MKRN1,0.0
MKRN2,0.0
MKX,0.0
MLC1,9.0
MLEC,4.0
MLF1,4.0
MLF2,2.0
MLIP,6.0
MLLT1,4.0
MLLT10,0.0
MLLT11,8.0
MLLT3,2.0
MLLT6,5.0
MLST8,2.0
MLXIP,1.0
MLXIPL,3.0
MMADHC,6.0
MMD,7.0
MMGT1,0.0
MMP14,0.0
MMP15,1.0
MMP16,4.0
MMP28,6.0
MMS19,5.0
MNDA,2.0
MNS1,0.0
MNT,8.0
MOAP1,2.0
MOB1A,1.0
MOB1B,10.0
MOB2,0.0
MOB3A,2.0
MOB3B,0.0
MOCS1,1.0
MOGAT1,0.0
MOGAT2,0.0
MOK,0.0
MON1A,1.0
MORC2-AS1,0.0
MORC4,5.0
MORF4L1,2.0
MORN3,4.0
MORN4,3.0
MORN5,6.0
MOSPD1,0.0
MOSPD2,6.0
MOV10,4.0
MOXD1,2.0
MPC1,0.0
MPC2,2.0
MPDU1,0.0
MPEG1,4.0
MPG,2.0
MPHOSPH10,0.0
MPHOSPH6,8.0
MPHOSPH9,0.0
MPI,3.0
MPND,5.0
MPP1,0.0
MPP2,8.0
MPP5,0.0
MPP6,0.0
MPP7,0.0
MPPE1,1.0
MPPED1,3.0
MPPED2,0.0
MPST,2.0
MPV17L2,12.0
MPZL1,4.0
MPZL3,0.0
MR1,7.0
MRAP2,0.0
MRAS,10.0
MRE11,3.0
MREG,0.0
MRFAP1,4.0
MRGPRF,0.0
MRNIP,1.0
MRO,5.0
MROH5,0.0
MROH6,0.0
MROH8,0.0
MRPL13,1.0
MRPL14,4.0
MRPL16,1.0
MRPL19,0.0
MRPL23,3.0
MRPL28,6.0
MRPL30,6.0
MRPL33,2.0
MRPL34,0.0
MRPL35,0.0
MRPL37,6.0
MRPL4,3.0
MRPL42,0.0
MRPL43,3.0
MRPL45,2.0
MRPL9,2.0
MRPS11,1.0
MRPS16,3.0
MRPS18A,2.0
MRPS18C,4.0
MRPS30,0.0
MRPS30-DT,0.0
MRPS33,2.0
MRPS6,11.0
MRPS7,4.0
MRTO4,7.0
MRVI1,2.0
MS4A15,0.0
MS4A7,5.0
MSANTD1,9.0
MSH2,0.0
MSH3,4.0
MSL2,0.0
MSL3,4.0
MSL3P1,5.0
MSMO1,6.0
MSN,6.0
MSRA,5.0
MSRB2,3.0
MSRB3,0.0
MST1R,3.0
MSX1,5.0
MT1A,4.0
MT1B,5.0
MT1E,5.0
MT1F,3.0
MT1G,7.0
MT1JP,3.0
MT1L,6.0
MT1M,9.0
MT1X,7.0
MT2A,5.0
MTA2,2.0
MTA3,4.0
MTAP,0.0
MTBP,2.0
MTCH1,5.0
MTCH2,3.0
MTCL1,0.0
MTDH,0.0
MTERF2,3.0
MTERF3,0.0
MTF2,0.0
MTFP1,0.0
MTFR1,1.0
MTFR1L,2.0
MTG1,0.0
MTHFD1L,6.0
MTHFD2,1.0
MTHFD2L,1.0
MTM1,8.0
MTMR10,0.0
MTMR11,1.0
MTMR12,4.0
MTMR2,0.0
MTMR9,3.0
MTOR,2.0
MTPAP,0.0
MTR,2.0
MTSS1,1.0
MTTP,1.0
MTUS2,0.0
MTX2,4.0
MUL1,0.0
MUM1,0.0
MUM1L1,4.0
MUS81,4.0
MUT,2.0
MVB12B,0.0
MVD,5.0
MVP,0.0
MX1,0.0
MXD1,2.0
MXD4,3.0
MXI1,1.0
MXRA7,0.0
MXRA8,2.0
MYADM,6.0
MYB,9.0
MYBBP1A,0.0
MYBL1,0.0
MYBPC1,6.0
MYBPH,1.0
MYBPHL,1.0
MYC,1.0
MYCBP2,5.0
MYCL,0.0
MYCNOS,3.0
MYCT1,0.0
MYEF2,2.0
MYH10,5.0
MYH15,3.0
MYH7,6.0
MYH7B,0.0
MYL12A,0.0
MYL12B,8.0
MYL5,10.0
MYL6,6.0
MYLIP,10.0
MYLK,0.0
MYO15A,0.0
MYO16,7.0
MYO19,1.0
MYO1B,0.0
MYO1F,4.0
MYO5A,2.0
MYO5B,2.0
MYO5C,2.0
MYO7A,6.0
MYOM1,3.0
MYOM2,2.0
MYORG,0.0
MYOZ3,1.0
MYPOP,2.0
MYRIP,8.0
MYSM1,0.0
MYT1,3.0
MYT1L,1.0
MZT2A,4.0
MZT2B,6.0
N4BP2,1.0
N4BP2L1,4.0
N4BP2L2,0.0
N6AMT1,0.0
NAA10,6.0
NAA16,0.0
NAA20,2.0
NAAA,0.0
NAALAD2,1.0
NAB1,1.0
NABP1,6.0
NABP2,5.0
NACC2,2.0
NADK2,9.0
NAGA,4.0
NAGK,4.0
NAGLU,1.0
NAGPA,0.0
NALT1,4.0
NAMPT,2.0
NANOS1,10.0
NANOS3,4.0
NAP1L1,0.0
NAP1L2,0.0
NAPA,2.0
NAPEPLD,2.0
NAPSA,0.0
NAPSB,1.0
NARF,3.0
NARS,0.0
NAT8L,0.0
NAV1,8.0
NAV2,3.0
NAV3,10.0
NAXE,4.0
NBAS,4.0
NBDY,14.0
NBEA,3.0
NBEAL1,4.0
NBPF3,1.0
NBR1,1.0
NCALD,1.0
NCAM2,10.0
NCAN,9.0
NCAPD2,0.0
NCBP1,2.0
NCBP2,2.0
NCBP2-AS2,5.0
NCEH1,0.0
NCF1C,3.0
NCK1,0.0
NCK2,2.0
NCKAP1,4.0
NCKAP5,3.0
NCKIPSD,2.0
NCOA3,0.0
NCOA4,0.0
NCOR1,4.0
NCOR1P1,2.0
NCOR2,2.0
NCR2,3.0
NCS1,3.0
NCSTN,3.0
NDEL1,0.0
NDFIP2,2.0
NDRG2,4.0
NDRG3,0.0
NDRG4,2.0
NDST1,3.0
NDST2,5.0
NDST3,0.0
NDUFA10,1.0
NDUFA12,2.0
NDUFA3,2.0
NDUFA4,2.0
NDUFA6-AS1,6.0
NDUFA8,1.0
NDUFA9,3.0
NDUFAB1,2.0
NDUFAF1,6.0
NDUFAF2,0.0
NDUFAF4,2.0
NDUFAF4P1,0.0
NDUFAF8,13.0
NDUFB3,4.0
NDUFB8,3.0
NDUFC2,9.0
NDUFS2,3.0
NDUFV1,1.0
NDUFV2,1.0
NEAT1,0.0
NEB,0.0
NEBL,1.0
NEBL-AS1,7.0
NECAB1,2.0
NECAB2,17.0
NECAB3,0.0
NECAP2,3.0
NECTIN1,5.0
NECTIN2,4.0
NECTIN3,5.0
NEDD4,2.0
NEDD4L,6.0
NEDD8,1.0
NEFH,0.0
NEFL,1.0
NEFM,0.0
NEGR1,2.0
NEIL1,0.0
NEK1,0.0
NEK10,3.0
NEK11,0.0
NEK6,11.0
NEK7,5.0
NELFE,8.0
NELL1,4.0
NELL2,5.0
NENF,2.0
NEO1,1.0
NETO1,1.0
NETO2,1.0
NEU1,1.0
NEU4,0.0
NEURL1,5.0
NEURL1B,12.0
NEURL3,3.0
NEURL4,4.0
NEUROD1,6.0
NEUROD2,3.0
NEUROD6,8.0
NEXMIF,5.0
NEXN,0.0
NF2,1.0
NFAT5,2.0
NFATC1,2.0
NFATC2IP,0.0
NFE2L2,0.0
NFE2L3,1.0
NFIA,1.0
NFIB,8.0
NFIC,2.0
NFIL3,1.0
NFIX,1.0
NFKB1,0.0
NFKBIA,0.0
NFKBIE,5.0
NFKBIZ,0.0
NFU1,5.0
NFX1,1.0
NFYC,0.0
NGB,0.0
NGEF,0.0
NGLY1,0.0
NGRN,2.0
NHLRC2,1.0
NHP2,5.0
NHSL1,6.0
NICN1,5.0
NIF3L1,1.0
NIFK,0.0
NIM1K,1.0
NINL,3.0
NIPA1,0.0
NIPAL2,1.0
NIPAL3,0.0
NIPBL,1.0
NIPSNAP2,1.0
NIPSNAP3A,9.0
NISCH,8.0
NIT2,12.0
NKAIN2,10.0
NKAIN3,8.0
NKAIN4,7.0
NKAPP1,0.0
NKD2,5.0
NKX1-2,0.0
NKX3-1,0.0
NKX6-2,0.0
NKX6-3,0.0
NLE1,8.0
NLGN1,4.0
NLGN3,4.0
NLGN4X,0.0
NLK,3.0
NLN,0.0
NME3,2.0
NME5,1.0
NME7,2.0
NMNAT2,3.0
NMNAT3,10.0
NMRK1,1.0
NMT1,4.0
NMT2,2.0
NMU,1.0
NNAT,11.0
NNMT,1.0
NOB1,0.0
NOC3L,0.0
NOL3,4.0
NOL4,7.0
NOL4L,4.0
NOL8,1.0
NOL9,11.0
NOMO1,2.0
NONO,1.0
NOP14,0.0
NOP16,3.0
NOP53,0.0
NOP58,0.0
NOS1,0.0
NOS1AP,4.0
NOS2,1.0
NOS3,1.0
NOSTRIN,0.0
NOV,5.0
NOVA1,0.0
NOVA2,8.0
NOXO1,0.0
NPAP1,1.0
NPAS1,2.0
NPAS3,5.0
NPAT,0.0
NPC1,0.0
NPC2,6.0
NPDC1,12.0
NPFFR2,3.0
NPHP1,5.0
NPHS1,2.0
NPIPA8,2.0
NPIPB11,3.0
NPIPB15,2.0
NPL,0.0
NPLOC4,4.0
NPM2,2.0
NPM3,10.0
NPNT,2.0
NPPA,11.0
NPPB,1.0
NPR2,0.0
NPR3,2.0
NPTX1,6.0
NPTX2,8.0
NPTXR,10.0
NPY,4.0
NPY1R,7.0
NPY5R,6.0
NQO1,3.0
NR1D1,1.0
NR1D2,0.0
NR1H3,3.0
NR2C1,1.0
NR2C2AP,8.0
NR2E1,7.0
NR2F1,4.0
NR2F1-AS1,4.0
NR2F2,6.0
NR2F2-AS1,5.0
NR2F6,4.0
NR3C1,0.0
NR3C2,0.0
NR4A2,6.0
NR4A3,7.0
NRAP,4.0
NRARP,3.0
NRBF2,1.0
NRBP1,4.0
NRCAM,4.0
NRDC,4.0
NREP,0.0
NRG1,0.0
NRG2,1.0
NRG3,3.0
NRGN,1.0
NRIP1,1.0
NRIP3,2.0
NRN1,1.0
NRN1L,0.0
NRP1,1.0
NRXN1,2.0
NRXN2,12.0
NRXN3,5.0
NSD2,3.0
NSD3,2.0
NSDHL,6.0
NSFL1C,10.0
NSG1,0.0
NSG2,5.0
NSMAF,1.0
NSMCE1,4.0
NSMCE3,0.0
NSMCE4A,1.0
NSMF,6.0
NSRP1,0.0
NSUN2,0.0
NT5C2,0.0
NT5DC1,0.0
NT5DC2,5.0
NT5DC3,6.0
NT5E,5.0
NT5M,0.0
NTM,1.0
NTMT1,3.0
NTN1,1.0
NTN4,2.0
NTNG1,3.0
NTNG2,4.0
NTRK2,4.0
NTSR1,6.0
NTSR2,6.0
NUAK1,1.0
NUB1,1.0
NUBPL,4.0
NUCB2,7.0
NUCKS1,2.0
NUDC,5.0
NUDCD1,4.0
NUDCD3,1.0
NUDT10,5.0
NUDT11,8.0
NUDT12,0.0
NUDT14,4.0
NUDT17,11.0
NUDT2,9.0
NUDT21,1.0
NUDT22,0.0
NUDT4,3.0
NUDT5,0.0
NUDT8,0.0
NUDT9P1,2.0
NUMB,1.0
NUMBL,9.0
NUP205,0.0
NUP37,4.0
NUP54,0.0
NUP85,5.0
NUP88,2.0
NUP93,0.0
NUPL2,1.0
NUPR1,6.0
NUPR2,12.0
NUTF2,3.0
NWD2,6.0
NXN,2.0
NXPE3,0.0
NXPH2,3.0
NXPH3,1.0
OAF,10.0
OAS3,0.0
OAT,1.0
OAZ1,8.0
OAZ2,5.0
OBSCN,5.0
OCA2,3.0
OCEL1,0.0
ODR4,5.0
OFD1,0.0
OGDH,0.0
OGDHL,0.0
OGG1,7.0
OGT,3.0
OIP5-AS1,1.0
OLA1,1.0
OLFM1,4.0
OLFM3,1.0
OLFM4,0.0
OLFML2B,4.0
OMA1,0.0
ONECUT1,14.0
ONECUT2,0.0
OPCML,3.0
OPHN1,9.0
OPN3,1.0
OPN4,0.0
OPRK1,2.0
OPRM1,4.0
OPTN,4.0
OR14I1,5.0
OR2AK2,0.0
OR2L13,0.0
OR2L3,0.0
OR2L8,0.0
OR52K2,5.0
OR5L2,1.0
OR7E14P,5.0
OR7E156P,3.0
OR7E24,1.0
ORAI2,2.0
ORC4,1.0
ORC6,10.0
OSBP,2.0
OSBP2,0.0
OSBPL10,5.0
OSBPL11,4.0
OSBPL1A,2.0
OSBPL2,0.0
OSBPL3,0.0
OSBPL5,0.0
OSBPL6,0.0
OSBPL8,2.0
OSBPL9,1.0
OSCAR,4.0
OSGEPL1,0.0
OST4,8.0
OSTC,1.0
OSTCP1,3.0
OSTF1,1.0
OSTN,1.0
OTOF,3.0
OTOS,3.0
OTUB1,4.0
OTUB2,7.0
OTUD1,6.0
OTUD6A,3.0
OTUD6B,2.0
OTUD6B-AS1,1.0
OTUD7B,0.0
OVGP1,0.0
OVOL2,2.0
OXCT1,8.0
OXNAD1,0.0
OXR1,1.0
OXT,2.0
OXTR,9.0
P2RX5,6.0
P2RX6,0.0
P2RX6P,1.0
P2RY1,3.0
P2RY12,14.0
P2RY13,12.0
P2RY6,13.0
P3H3,0.0
P4HA1,3.0
P4HA2,4.0
P4HTM,2.0
PABPC1,3.0
PABPC1L,4.0
PABPC1L2A,0.0
PABPC5,4.0
PACRG,13.0
PACS1,4.0
PACSIN1,4.0
PACSIN2,2.0
PADI2,0.0
PAF1,4.0
PAFAH1B1,4.0
PAFAH1B3,9.0
PAFAH2,4.0
PAG1,0.0
PAGR1,1.0
PAICS,2.0
PAIP1,0.0
PAIP2,3.0
PAK1,3.0
PAK2,1.0
PAK3,6.0
PAK5,4.0
PALD1,1.0
PALLD,3.0
PALM,10.0
PALM3,5.0
PALMD,9.0
PAM,3.0
PAN2,0.0
PANK1,0.0
PANK2,4.0
PANK4,1.0
PANX2,9.0
PANX3,1.0
PAPD7,4.0
PAPOLA,3.0
PAPSS1,2.0
PAPSS2,2.0
PAQR8,0.0
PAQR9,0.0
PARD3,3.0
PARD3B,7.0
PARD6A,0.0
PARM1,1.0
PARP1,4.0
PARP14,2.0
PARP16,2.0
PARP2,2.0
PARP3,0.0
PARP6,4.0
PARP8,1.0
PART1,2.0
PARVA,4.0
PARVB,5.0
PASK,0.0
PATE2,0.0
PATJ,0.0
PATL1,0.0
PATZ1,2.0
PAWR,3.0
PAX6,6.0
PAX8-AS1,2.0
PAXBP1,0.0
PAXIP1,1.0
PAXIP1-AS2,2.0
PBDC1,1.0
PBLD,5.0
PBX3,0.0
PBX4,16.0
PBXIP1,6.0
PC,0.0
PCAT19,0.0
PCBD1,6.0
PCBD2,3.0
PCBP3,6.0
PCDH10,0.0
PCDH11X,5.0
PCDH11Y,2.0
PCDH12,0.0
PCDH15,15.0
PCDH17,6.0
PCDH19,7.0
PCDH20,6.0
PCDH7,3.0
PCDH8,1.0
PCDH9,2.0
PCDHA1,5.0
PCDHA11,3.0
PCDHAC2,4.0
PCDHB10,2.0
PCDHB11,1.0
PCDHB12,0.0
PCDHB14,2.0
PCDHB17P,0.0
PCDHB18P,0.0
PCDHB9,2.0
PCDHGA3,0.0
PCDHGB4,1.0
PCDHGC3,5.0
PCED1B,5.0
PCGF1,0.0
PCID2,3.0
PCK2,11.0
PCLO,9.0
PCMT1,2.0
PCNP,3.0
PCNT,1.0
PCNX2,1.0
PCNX4,2.0
PCOLCE2,8.0
PCP4,0.0
PCP4L1,0.0
PCSK1,0.0
PCSK5,5.0
PCSK6,0.0
PCSK9,4.0
PCTP,0.0
PCYOX1,2.0
PDCD1,0.0
PDCD10,0.0
PDCD2L,4.0
PDCD4,3.0
PDCD6,4.0
PDCD7,0.0
PDCL,0.0
PDCL3,0.0
PDCL3P4,0.0
PDE10A,1.0
PDE11A,1.0
PDE1A,6.0
PDE1B,1.0
PDE2A,13.0
PDE3A,4.0
PDE4A,0.0
PDE4B,5.0
PDE5A,1.0
PDE6B,4.0
PDE7B,0.0
PDE8B,2.0
PDE9A,3.0
PDGFC,5.0
PDGFD,1.0
PDGFRA,14.0
PDGFRL,3.0
PDIA2,0.0
PDIA3,1.0
PDIA3P1,4.0
PDIA5,0.0
PDIK1L,0.0
PDK1,1.0
PDK3,1.0
PDK4,2.0
PDLIM3,4.0
PDLIM5,5.0
PDLIM7,0.0
PDP1,0.0
PDP2,2.0
PDPK1,4.0
PDPN,0.0
PDRG1,7.0
PDS5A,8.0
PDS5B,1.0
PDXDC2P-NPIPB14P,3.0
PDXK,3.0
PDXP,4.0
PDYN,11.0
PDZD2,4.0
PDZD4,3.0
PDZD7,1.0
PDZD8,0.0
PDZRN3,2.0
PDZRN4,4.0
PEA15,15.0
PEAK1,0.0
PEBP4,0.0
PECAM1,0.0
PECR,0.0
PEF1,3.0
PEG10,7.0
PEG3,0.0
PELI1,9.0
PELI2,2.0
PELI3,0.0
PENK,1.0
PEPD,0.0
PER1,0.0
PER2,0.0
PER3,0.0
PERM1,6.0
PERP,0.0
PEX1,4.0
PEX10,2.0
PEX12,0.0
PEX19,9.0
PEX2,3.0
PEX5,2.0
PEX5L,1.0
PFAS,0.0
PFDN5,3.0
PFKFB3,1.0
PFKP,2.0
PFN2,4.0
PGAM1,3.0
PGAM5,4.0
PGAP1,8.0
PGAP3,8.0
PGBD4,1.0
PGBD5,7.0
PGD,2.0
PGGT1B,0.0
PGK1,1.0
PGM2L1,9.0
PGM3,0.0
PGP,0.0
PGRMC1,5.0
PHACTR1,4.0
PHACTR2,2.0
PHACTR3,6.0
PHAX,3.0
PHB,4.0
PHB2,3.0
PHC3,2.0
PHF12,1.0
PHF13,9.0
PHF20,4.0
PHF20L1,7.0
PHF23,2.0
PHF24,5.0
PHGDH,4.0
PHKA1,0.0
PHKA2,0.0
PHKB,0.0
PHKG2,3.0
PHLDA2,1.0
PHLDA3,0.0
PHLDB2,1.0
PHLDB3,2.0
PHPT1,5.0
PHTF1,2.0
PHTF2,1.0
PHYH,1.0
PHYHD1,5.0
PHYHIPL,3.0
PI16,0.0
PI4K2A,0.0
PI4KA,3.0
PI4KAP2,5.0
PIANP,7.0
PIAS2,1.0
PICK1,1.0
PID1,13.0
PIDD1,1.0
PIF1,0.0
PIFO,4.0
PIGC,0.0
PIGL,1.0
PIGP,6.0
PIGZ,5.0
PIH1D1,3.0
PIH1D2,1.0
PIK3C2A,2.0
PIK3C3,1.0
PIK3CA,0.0
PIK3CB,0.0
PIK3CD,6.0
PIK3R1,2.0
PILRA,1.0
PIM1,0.0
PIM3,0.0
PIN1,5.0
PIN1P1,3.0
PIN4,4.0
PINK1,6.0
PINLYP,10.0
PIP4K2A,0.0
PIP4K2B,7.0
PIP4K2C,1.0
PIP4P1,3.0
PIP4P2,0.0
PIP5K1B,1.0
PIP5K1C,2.0
PIP5KL1,0.0
PIR,6.0
PIRT,2.0
PISD,3.0
PITPNA,0.0
PITPNB,3.0
PITPNC1,0.0
PITPNM1,3.0
PITPNM2,6.0
PITRM1,3.0
PIWIL4,8.0
PJA1,9.0
PJA2,0.0
PJVK,0.0
PKD1,0.0
PKD1P6-NPIPP1,3.0
PKD2,0.0
PKD2L1,2.0
PKDCC,2.0
PKIA,15.0
PKIB,13.0
PKIG,4.0
PKN1,6.0
PKN2,0.0
PKNOX1,3.0
PKNOX2,1.0
PKP3,3.0
PKP4,4.0
PLA2G12A,1.0
PLA2G4A,1.0
PLA2G7,4.0
PLA2R1,0.0
PLAC4,3.0
PLAC9,6.0
PLAGL1,0.0
PLAGL2,0.0
PLAT,0.0
PLAU,2.0
PLAUR,0.0
PLB1,9.0
PLBD1,0.0
PLCB1,0.0
PLCB2,6.0
PLCB4,0.0
PLCD3,7.0
PLCD4,1.0
PLCG2,4.0
PLCH1,2.0
PLCH2,9.0
PLCL1,0.0
PLCXD1,2.0
PLCXD3,4.0
PLD3,8.0
PLD6,5.0
PLEKHA1,0.0
PLEKHA2,3.0
PLEKHA4,4.0
PLEKHA5,0.0
PLEKHA6,1.0
PLEKHA7,4.0
PLEKHF1,0.0
PLEKHG5,2.0
PLEKHH2,4.0
PLEKHH3,0.0
PLEKHM1,1.0
PLEKHM1P1,0.0
PLEKHM2,3.0
PLEKHM3,0.0
PLEKHO1,1.0
PLEKHO2,6.0
PLIN3,0.0
PLIN5,3.0
PLK2,2.0
PLK5,0.0
PLOD2,3.0
PLP1,0.0
PLPBP,7.0
PLPP4,11.0
PLPP5,6.0
PLPP7,0.0
PLPPR2,16.0
PLPPR3,6.0
PLPPR4,14.0
PLPPR5,13.0
PLS3,13.0
PLSCR4,4.0
PLTP,5.0
PLXDC1,0.0
PLXDC2,4.0
PLXNA1,7.0
PLXNA2,4.0
PLXNA3,3.0
PLXNA4,2.0
PLXNB3,0.0
PLXNC1,15.0
PLXND1,6.0
PM20D2,1.0
PMEPA1,0.0
PMM1,5.0
PMP2,3.0
PMPCA,2.0
PMPCB,2.0
PMS1,1.0
PMS2,3.0
PMVK,8.0
PNCK,7.0
PNISR,0.0
PNKD,0.0
PNLDC1,0.0
PNMA1,3.0
PNMA2,3.0
PNMA3,2.0
PNMA5,5.0
PNMA6A,3.0
PNMA6E,2.0
PNMA8A,9.0
PNMA8B,2.0
PNMT,11.0
PNO1,2.0
PNOC,8.0
PNP,6.0
PNPLA3,7.0
PNPLA4,4.0
PNPLA7,3.0
PNPO,0.0
POC1A,7.0
PODXL,0.0
POFUT2,2.0
POLE3,2.0
POLE4,3.0
POLG,4.0
POLG2,4.0
POLN,3.0
POLR1D,2.0
POLR2B,4.0
POLR2E,3.0
POLR2G,8.0
POLR2H,3.0
POLR2J,3.0
POLR2K,5.0
POLR2L,7.0
POLR3A,2.0
POLR3D,0.0
POLR3G,1.0
POLR3GL,8.0
POLR3H,8.0
POLR3K,4.0
POM121L4P,1.0
POMC,1.0
POMT1,6.0
PON2,10.0
PON3,3.0
POP7,2.0
POPDC3,1.0
POU2F2,0.0
POU3F1,0.0
POU3F2,0.0
POU3F3,0.0
POU3F4,0.0
POU6F1,0.0
POU6F2,2.0
PP12613,1.0
PPA2,3.0
PPARA,4.0
PPARD,0.0
PPARG,4.0
PPARGC1A,0.0
PPARGC1B,0.0
PPDPF,7.0
PPEF1,4.0
PPFIA3,4.0
PPFIA4,2.0
PPFIBP1,1.0
PPIA,1.0
PPIAL4A,3.0
PPIAL4G,2.0
PPIB,3.0
PPIC,1.0
PPIE,0.0
PPIEL,0.0
PPIH,7.0
PPIL2,3.0
PPIL3,0.0
PPIL6,6.0
PPIP5K1,4.0
PPIP5K2,0.0
PPL,3.0
PPM1A,0.0
PPM1B,2.0
PPM1D,0.0
PPM1E,2.0
PPM1H,3.0
PPM1J,3.0
PPM1K,4.0
PPM1L,1.0
PPM1M,11.0
PPM1N,12.0
PPME1,2.0
PPP1CC,0.0
PPP1R11,4.0
PPP1R12A,3.0
PPP1R12B,4.0
PPP1R12C,6.0
PPP1R14A,0.0
PPP1R14C,3.0
PPP1R15B,0.0
PPP1R16B,0.0
PPP1R17,3.0
PPP1R1A,4.0
PPP1R1B,7.0
PPP1R21,5.0
PPP1R26,8.0
PPP1R32,6.0
PPP1R37,6.0
PPP1R3B,0.0
PPP1R3D,0.0
PPP1R3E,0.0
PPP1R3F,3.0
PPP1R42,7.0
PPP1R8,3.0
PPP1R9A,0.0
PPP2R1B,0.0
PPP2R2A,0.0
PPP2R2B,3.0
PPP2R2C,3.0
PPP2R2D,0.0
PPP2R3B,3.0
PPP2R3C,6.0
PPP2R5A,5.0
PPP2R5B,1.0
PPP2R5E,1.0
PPP3CA,0.0
PPP3CB,6.0
PPP3CC,0.0
PPP3R1,1.0
PPP4R3A,0.0
PPP4R4,13.0
PPP5D1,13.0
PPP6R2,2.0
PPP6R3,1.0
PPRC1,1.0
PPT1,0.0
PPTC7,0.0
PQBP1,4.0
PQLC1,5.0
PRADC1,2.0
PRAF2,5.0
PRAG1,0.0
PRC1,1.0
PRDM11,1.0
PRDM2,2.0
PRDM5,0.0
PRDM8,2.0
PRDX1,8.0
PRDX4,6.0
PRDX5,2.0
PRDX6,3.0
PRELID1,3.0
PRELID2,1.0
PRELID3B,0.0
PREP,0.0
PREX2,0.0
PRICKLE1,0.0
PRICKLE2,7.0
PRICKLE4,2.0
PRIM1,1.0
PRKAA1,0.0
PRKAA2,6.0
PRKAB1,1.0
PRKAB2,1.0
PRKAG2,0.0
PRKAG2-AS1,4.0
PRKAR1B,2.0
PRKAR2A,2.0
PRKAR2B,0.0
PRKCA,1.0
PRKCB,0.0
PRKCD,11.0
PRKCE,2.0
PRKCG,7.0
PRKCH,0.0
PRKCI,3.0
PRKCQ-AS1,0.0
PRKD3,0.0
PRKG1,12.0
PRKN,5.0
PRKRA,6.0
PRKRIP1,4.0
PRMT2,4.0
PRMT5,3.0
PRMT6,9.0
PRMT7,0.0
PRNP,4.0
PRO1804,0.0
PROS1,1.0
PROSER2,2.0
PRPF19,3.0
PRPF38B,1.0
PRPF40A,3.0
PRPF4B,0.0
PRPF6,3.0
PRPF8,2.0
PRPH,3.0
PRPH2,9.0
PRPS1,8.0
PRPS2,0.0
PRPSAP1,2.0
PRR16,0.0
PRR29,6.0
PRR5,6.0
PRRC2A,6.0
PRRC2B,11.0
PRRG3,9.0
PRRT1,3.0
PRRT2,2.0
PRRT3,0.0
PRRT4,0.0
PRRX1,0.0
PRSS1,6.0
PRSS16,0.0
PRSS2,3.0
PRSS23,10.0
PRSS3,3.0
PRSS35,7.0
PRSS3P2,3.0
PRSS56,0.0
PRTFDC1,1.0
PRTG,1.0
PRUNE2,0.0
PSAP,4.0
PSAT1,3.0
PSD,7.0
PSD3,6.0
PSENEN,6.0
PSIP1,4.0
PSMA3-AS1,2.0
PSMA6,6.0
PSMB1,3.0
PSMB10,3.0
PSMB5,5.0
PSMB7,6.0
PSMC3,2.0
PSMC6,5.0
PSMD1,5.0
PSMD11,2.0
PSMD12,0.0
PSMD2,4.0
PSMD4,5.0
PSMD6,0.0
PSMD7,4.0
PSME1,10.0
PSME3,2.0
PSMG1,3.0
PSMG2,0.0
PSMG3,0.0
PSMG3-AS1,8.0
PSORS1C1,6.0
PSPC1,3.0
PSPH,1.0
PSRC1,6.0
PSTPIP1,0.0
PTAR1,3.0
PTBP3,4.0
PTCH1,10.0
PTCHD1,15.0
PTCHD4,2.0
PTEN,5.0
PTER,8.0
PTGDS,2.0
PTGER3,9.0
PTGER4,13.0
PTGER4P2-CDK2AP2P2,1.0
PTGES,5.0
PTGES2,3.0
PTGIS,1.0
PTGS2,3.0
PTH1R,0.0
PTHLH,12.0
PTK2B,2.0
PTMA,4.0
PTN,9.0
PTP4A1,1.0
PTPA,5.0
PTPDC1,1.0
PTPN11,2.0
PTPN12,0.0
PTPN14,1.0
PTPN2,0.0
PTPN3,3.0
PTPN4,2.0
PTPN5,2.0
PTPRA,11.0
PTPRC,3.0
PTPRD-AS1,0.0
PTPRE,0.0
PTPRF,9.0
PTPRH,0.0
PTPRJ,5.0
PTPRK,2.0
PTPRO,8.0
PTPRR,15.0
PTPRT,2.0
PTPRZ1,9.0
PTRH1,10.0
PTRH2,4.0
PTS,5.0
PTTG1,5.0
PTTG1IP,2.0
PTTG2,5.0
PTX3,1.0
PUM2,2.0
PURB,1.0
PUSL1,6.0
PVALB,0.0
PVR,0.0
PWARSN,1.0
PWWP2A,0.0
PWWP2B,2.0
PXDN,5.0
PXN,0.0
PXYLP1,2.0
PYCARD,7.0
PYCR1,5.0
PYCR3,10.0
PYDC1,11.0
PYGL,9.0
PYGO1,5.0
QDPR,0.0
QKI,1.0
QRFPR,0.0
QSER1,0.0
QSOX1,0.0
QTRT2,0.0
R3HDM1,4.0
R3HDM2,3.0
R3HDM4,10.0
RAB10,7.0
RAB11B,0.0
RAB11FIP1,5.0
RAB11FIP2,0.0
RAB11FIP3,4.0
RAB11FIP4,5.0
RAB11FIP5,1.0
RAB13,4.0
RAB15,5.0
RAB1A,5.0
RAB21,0.0
RAB22A,2.0
RAB24,1.0
RAB27B,10.0
RAB29,3.0
RAB2B,1.0
RAB31,4.0
RAB33A,2.0
RAB34,7.0
RAB35,8.0
RAB36,3.0
RAB37,0.0
RAB3B,13.0
RAB3C,4.0
RAB3D,0.0
RAB3GAP1,7.0
RAB3GAP2,0.0
RAB3IP,4.0
RAB40B,5.0
RAB40C,1.0
RAB4A,2.0
RAB6B,5.0
RAB7A,2.0
RAB7B,0.0
RAB8A,3.0
RAB8B,8.0
RAB9A,1.0
RABEP2,0.0
RABEPK,0.0
RABGAP1L,3.0
RABGEF1,0.0
RABGGTA,1.0
RABL2A,1.0
RAC1,4.0
RACGAP1,0.0
RAD23A,5.0
RAD23B,5.0
RAD50,1.0
RAD51AP2,1.0
RAD51C,3.0
RAD51D,2.0
RAD54B,0.0
RADIL,0.0
RAET1E-AS1,14.0
RAI1,3.0
RAI14,0.0
RALA,4.0
RALB,0.0
RALBP1,4.0
RALGPS1,4.0
RALGPS2,7.0
RALY,0.0
RAMP1,5.0
RAMP3,0.0
RANBP17,1.0
RANBP2,0.0
RANBP3L,9.0
RANGAP1,4.0
RANGRF,1.0
RAP1B,5.0
RAP1GAP,7.0
RAP1GAP2,4.0
RAP2A,2.0
RAP2B,9.0
RAP2C-AS1,2.0
RAPGEF2,2.0
RAPGEF4,10.0
RAPGEF5,0.0
RAPGEF6,0.0
RAPGEFL1,4.0
RAPH1,5.0
RARA-AS1,4.0
RARB,0.0
RARRES1,3.0
RARRES3,5.0
RASA2,3.0
RASA3,1.0
RASAL1,10.0
RASAL2,3.0
RASAL3,7.0
RASD1,0.0
RASD2,0.0
RASGEF1A,3.0
RASGEF1B,6.0
RASGEF1C,6.0
RASGRF1,1.0
RASGRF2,4.0
RASGRP2,1.0
RASGRP3,0.0
RASIP1,3.0
RASL10A,7.0
RASL11A,1.0
RASL11B,5.0
RASL12,3.0
RASSF2,0.0
RASSF3,5.0
RASSF4,0.0
RASSF5,0.0
RASSF8,0.0
RASSF8-AS1,0.0
RAVER2,14.0
RB1CC1,3.0
RBBP4,0.0
RBBP6,3.0
RBBP7,7.0
RBFOX1,0.0
RBFOX2,5.0
RBFOX3,0.0
RBKS,0.0
RBL2,1.0
RBM12B,0.0
RBM14,2.0
RBM15,0.0
RBM22,3.0
RBM24,3.0
RBM27,1.0
RBM34,2.0
RBM43,1.0
RBM4B,0.0
RBM5,3.0
RBM7,1.0
RBM8A,6.0
RBMS1,0.0
RBMS2,2.0
RBMS3,0.0
RBP1,0.0
RBP4,5.0
RBSN,5.0
RBX1,4.0
RC3H2,1.0
RCAN1,0.0
RCAN2,0.0
RCAN3,1.0
RCBTB1,0.0
RCC1,1.0
RCC2,0.0
RCCD1,1.0
RCHY1,6.0
RCN1,5.0
RCN3,1.0
RCOR3,0.0
RCSD1,5.0
RDH10,3.0
RDH12,4.0
RDX,1.0
RECQL,0.0
RECQL5,2.0
REEP2,0.0
REEP3,0.0
REEP6,0.0
RELL1,0.0
RELL2,0.0
RELN,6.0
RELT,0.0
REP15,0.0
REPIN1,0.0
REPS1,2.0
REPS2,4.0
RERG,0.0
RERGL,0.0
RESP18,5.0
REST,5.0
RET,0.0
RETREG1,1.0
RETREG2,4.0
RETREG3,1.0
REV3L,5.0
RFC1,0.0
RFC2,5.0
RFPL1,2.0
RFPL1S,2.0
RFPL2,1.0
RFPL3,1.0
RFTN1,3.0
RFTN2,5.0
RFWD3,0.0
RFX2,8.0
RFX3,4.0
RFX4,1.0
RFX5,0.0
RFXANK,0.0
RGMB,11.0
RGS10,5.0
RGS12,2.0
RGS14,8.0
RGS16,0.0
RGS17,1.0
RGS18,5.0
RGS2,0.0
RGS20,8.0
RGS22,14.0
RGS4,3.0
RGS6,0.0
RGS7,3.0
RGS8,6.0
RGS9,0.0
RHBDD1,3.0
RHBDD2,9.0
RHBDF2,5.0
RHBDL1,3.0
RHBDL3,0.0
RHCG,3.0
RHEBL1,5.0
RHOA,2.0
RHOBTB1,0.0
RHOBTB2,0.0
RHOC,6.0
RHOF,2.0
RHOJ,3.0
RHOQ,0.0
RHOT2,2.0
RHOV,2.0
RHPN1,1.0
RHPN2,7.0
RIBC1,7.0
RIC3,3.0
RIC8A,5.0
RICTOR,0.0
RIDA,6.0
RIIAD1,8.0
RILP,0.0
RILPL1,9.0
RILPL2,13.0
RIMBP2,12.0
RIMKLA,0.0
RIMKLB,4.0
RIMS1,7.0
RIMS3,0.0
RIMS4,4.0
RIN1,5.0
RIN2,4.0
RINL,0.0
RINT1,0.0
RIOX2,2.0
RIPK1,0.0
RIPK2,10.0
RIPOR2,9.0
RIT1,1.0
RIT2,1.0
RLBP1,8.0
RLIM,2.0
RMC1,4.0
RMDN1,7.0
RMDN2,0.0
RMDN3,6.0
RMI1,0.0
RMI2,8.0
RMND1,1.0
RMND5A,0.0
RMND5B,4.0
RNASE6,9.0
RNASEH2A,9.0
RNASEH2C,10.0
RNASEL,0.0
RNASET2,8.0
RND1,3.0
RND2,0.0
RNF10,2.0
RNF11,4.0
RNF111,2.0
RNF113A,0.0
RNF114,1.0
RNF115,1.0
RNF122,0.0
RNF123,2.0
RNF125,0.0
RNF126,0.0
RNF128,0.0
RNF13,0.0
RNF135,7.0
RNF138,0.0
RNF139,9.0
RNF14,2.0
RNF141,0.0
RNF144A,1.0
RNF145,4.0
RNF150,11.0
RNF152,0.0
RNF157,1.0
RNF157-AS1,5.0
RNF165,2.0
RNF167,2.0
RNF175,3.0
RNF181,8.0
RNF182,6.0
RNF185,2.0
RNF187,2.0
RNF19B,0.0
RNF208,2.0
RNF212,1.0
RNF213,0.0
RNF216,0.0
RNF217,2.0
RNF219,1.0
RNF220,0.0
RNF24,6.0
RNF25,0.0
RNF26,0.0
RNF31,5.0
RNF34,0.0
RNF4,2.0
RNF41,2.0
RNF43,6.0
RNF44,4.0
RNF7,10.0
RNF8,3.0
RNFT1,0.0
RNLS,1.0
ROBO1,8.0
ROCK1P1,3.0
ROCK2,0.0
ROM1,5.0
ROMO1,2.0
RORA,1.0
RORB,1.0
RP2,2.0
RP9P,0.0
RPA2,8.0
RPAIN,5.0
RPF1,0.0
RPF2,1.0
RPGR,0.0
RPH3A,0.0
RPH3AL,0.0
RPL12,5.0
RPL15,1.0
RPL18,4.0
RPL22L1,2.0
RPL23AP53,1.0
RPL27A,6.0
RPL30,6.0
RPL32,6.0
RPL36,13.0
RPL37,8.0
RPL39,5.0
RPL39L,9.0
RPL41,6.0
RPL6,0.0
RPL7L1,8.0
RPN1,1.0
RPN2,6.0
RPRD1A,4.0
RPRM,5.0
RPRML,1.0
RPS10,9.0
RPS18,9.0
RPS19,7.0
RPS2,2.0
RPS20,5.0
RPS24,6.0
RPS27,6.0
RPS27L,1.0
RPS2P32,5.0
RPS4X,6.0
RPS6KA2,1.0
RPS6KA3,0.0
RPS6KA4,4.0
RPS6KA5,0.0
RPS6KA6,0.0
RPS6KB1,0.0
RPS6KC1,0.0
RPS6KL1,3.0
RPS8,3.0
RPSAP9,1.0
RPTOR,2.0
RPUSD2,1.0
RPUSD3,2.0
RPUSD4,2.0
RRAGA,3.0
RRAGB,6.0
RRAGC,0.0
RRAGD,9.0
RRAS,1.0
RRAS2,9.0
RREB1,2.0
RRM2B,0.0
RRN3P3,3.0
RRNAD1,0.0
RRP15,0.0
RRP1B,0.0
RRP7A,4.0
RRP7BP,5.0
RRS1,0.0
RSAD1,1.0
RSAD2,1.0
RSL1D1,4.0
RSL24D1,5.0
RSPH1,12.0
RSPH14,7.0
RSPH3,2.0
RSPH9,17.0
RSPO2,2.0
RSPO3,9.0
RSPO4,6.0
RSRC1,0.0
RSRC2,4.0
RSRP1,1.0
RSU1,8.0
RTBDN,8.0
RTCA,4.0
RTCB,1.0
RTEL1,0.0
RTF1,6.0
RTKN2,0.0
RTL10,7.0
RTL5,3.0
RTL6,9.0
RTL8C,9.0
RTN1,5.0
RTN2,0.0
RTN3,3.0
RTN4,3.0
RTN4R,7.0
RTN4RL1,5.0
RTN4RL2,6.0
RTP1,4.0
RTTN,0.0
RUBCN,7.0
RUFY2,0.0
RUNDC3A,7.0
RUNDC3B,0.0
RUNX1T1,8.0
RUSC2,5.0
RWDD1,0.0
RWDD4,2.0
RXFP1,3.0
RXRA,15.0
RYK,0.0
RYR1,7.0
RYR2,1.0
RYR3,8.0
S100A1,1.0
S100A10,4.0
S100A11,4.0
S100A13,4.0
S100A16,6.0
S100A6,1.0
S100A8,2.0
S100PBP,0.0
S100Z,2.0
S1PR1,9.0
S1PR5,0.0
SACM1L,1.0
SACS,0.0
SAE1,1.0
SALL2,2.0
SAMD11,0.0
SAMD12,3.0
SAMD13,0.0
SAMD14,5.0
SAMD15,6.0
SAMD4A,3.0
SAMD5,7.0
SAMD9,10.0
SAMD9L,5.0
SAMM50,3.0
SAP30L,0.0
SAPCD2,9.0
SAR1A,5.0
SAR1B,0.0
SARNP,9.0
SARS,4.0
SASH1,7.0
SAT2,1.0
SATB1,4.0
SATB2,2.0
SAV1,0.0
SBF1,7.0
SBF2,5.0
SBNO1,1.0
SBNO2,3.0
SC5D,2.0
SCAF11,0.0
SCAI,2.0
SCAMP1,0.0
SCAMP5,1.0
SCAND2P,0.0
SCAPER,8.0
SCARA3,0.0
SCARA5,6.0
SCARB1,2.0
SCD,1.0
SCG2,1.0
SCG3,6.0
SCG5,2.0
SCGB3A1,0.0
SCGN,9.0
SCIN,2.0
SCLT1,0.0
SCN1A,0.0
SCN1B,0.0
SCN2A,6.0
SCN2B,1.0
SCN3A,5.0
SCN3B,11.0
SCN4B,0.0
SCN7A,4.0
SCN8A,0.0
SCN9A,10.0
SCOC,5.0
SCP2,1.0
SCPEP1,9.0
SCRG1,2.0
SCRN2,0.0
SCRT1,0.0
SCUBE2,13.0
SCX,1.0
SDC2,1.0
SDC3,3.0
SDCBP,0.0
SDCCAG3,2.0
SDF2L1,5.0
SDHA,0.0
SDHAF2,0.0
SDHB,2.0
SDHD,0.0
SDK1,0.0
SDK2,8.0
SDR16C5,2.0
SDS,3.0
SDSL,0.0
SEC11A,3.0
SEC11C,7.0
SEC14L1,0.0
SEC14L2,9.0
SEC14L5,0.0
SEC16A,2.0
SEC24B,1.0
SEC24D,4.0
SEC31B,0.0
SEC61A2,5.0
SEC61B,6.0
SECISBP2,0.0
SEH1L,2.0
SEL1L3,7.0
SELENOH,2.0
SELENOK,2.0
SELENOO,1.0
SELENOW,5.0
SELPLG,3.0
SEM1,4.0
SEMA3A,0.0
SEMA3B-AS1,0.0
SEMA3C,0.0
SEMA3D,6.0
SEMA3E,3.0
SEMA4A,14.0
SEMA4C,0.0
SEMA4F,7.0
SEMA4G,0.0
SEMA5A,1.0
SEMA5B,2.0
SEMA6D,0.0
SEMA7A,0.0
SENP1,1.0
SENP5,6.0
SENP6,0.0
SENP7,0.0
SEPT10,0.0
SEPT12,0.0
SEPT2,1.0
SEPT4,0.0
SEPT6,3.0
SEPT8,2.0
SEPT9,8.0
SERF2,3.0
SERINC3,3.0
SERINC5,4.0
SERP1,7.0
SERP2,1.0
SERPINA1,0.0
SERPINA6,1.0
SERPINB1,1.0
SERPINB6,1.0
SERPINB8,8.0
SERPINB9,0.0
SERPINB9P1,0.0
SERPINF1,4.0
SERPINH1,0.0
SERPINI1,2.0
SERPINI2,0.0
SERTAD4,0.0
SERTAD4-AS1,0.0
SERTM1,9.0
SESN1,1.0
SESN3,4.0
SESTD1,0.0
SETBP1,1.0
SETD3,0.0
SETD6,1.0
SETD7,1.0
SETDB1,0.0
SETMAR,0.0
SEZ6,8.0
SEZ6L,4.0
SEZ6L2,1.0
SF3B3,7.0
SFI1,0.0
SFMBT2,5.0
SFRP1,6.0
SFRP2,5.0
SFTPD,2.0
SGIP1,0.0
SGK1,2.0
SGK3,1.0
SGK494,1.0
SGO2,0.0
SGPP1,1.0
SGPP2,0.0
SGSH,10.0
SGSM2,7.0
SGSM3,2.0
SGTB,2.0
SH2B3,5.0
SH2D2A,5.0
SH2D3C,4.0
SH2D5,1.0
SH3BGRL,0.0
SH3BGRL2,0.0
SH3BGRL3,7.0
SH3BP1,0.0
SH3BP4,3.0
SH3BP5,4.0
SH3BP5L,2.0
SH3D19,0.0
SH3GL1,3.0
SH3GL2,5.0
SH3GL3,9.0
SH3GLB1,6.0
SH3GLB2,4.0
SH3RF1,7.0
SH3RF3,4.0
SHANK1,6.0
SHANK2,13.0
SHB,0.0
SHC2,2.0
SHC3,6.0
SHD,0.0
SHF,15.0
SHISA4,8.0
SHISA5,8.0
SHISA6,2.0
SHISA7,10.0
SHISA8,3.0
SHISA9,12.0
SHISAL1,8.0
SHISAL2A,3.0
SHMT2,0.0
SHOC2,4.0
SHQ1,1.0
SHROOM2,0.0
SHROOM3,4.0
SHTN1,4.0
SIAH1,0.0
SIDT1,5.0
SIDT2,7.0
SIGIRR,6.0
SIGLEC11,7.0
SIK2,1.0
SIK3,0.0
SIKE1,0.0
SIL1,1.0
SIM2,1.0
SIN3B,10.0
SINHCAF,3.0
SIPA1L1,4.0
SIPA1L2,2.0
SIRPA,5.0
SIRT1,0.0
SIRT4,0.0
SIRT5,3.0
SIRT7,0.0
SIX3,3.0
SKA2,0.0
SKAP1,0.0
SKAP2,8.0
SKIDA1,0.0
SKP1,7.0
SLA,11.0
SLBP,7.0
SLC10A4,3.0
SLC11A2,0.0
SLC12A2,0.0
SLC12A5,0.0
SLC12A8,0.0
SLC14A1,1.0
SLC15A2,7.0
SLC15A3,3.0
SLC16A1,0.0
SLC16A14,2.0
SLC16A2,4.0
SLC16A6,0.0
SLC16A7,0.0
SLC16A8,12.0
SLC17A6,0.0
SLC17A7,7.0
SLC17A8,3.0
SLC18B1,3.0
SLC19A1,3.0
SLC19A2,1.0
SLC1A4,4.0
SLC1A7,0.0
SLC20A1,0.0
SLC20A2,0.0
SLC22A10,6.0
SLC22A15,0.0
SLC22A18,0.0
SLC22A18AS,0.0
SLC22A23,0.0
SLC22A3,5.0
SLC22A4,1.0
SLC22A5,0.0
SLC22A9,6.0
SLC24A2,0.0
SLC24A3,9.0
SLC24A4,3.0
SLC25A1,0.0
SLC25A11,2.0
SLC25A12,0.0
SLC25A13,0.0
SLC25A21-AS1,1.0
SLC25A22,8.0
SLC25A23,8.0
SLC25A26,4.0
SLC25A27,1.0
SLC25A28,0.0
SLC25A3,1.0
SLC25A32,0.0
SLC25A36,1.0
SLC25A37,1.0
SLC25A4,0.0
SLC25A40,0.0
SLC25A41,0.0
SLC25A42,3.0
SLC25A44,5.0
SLC25A5,0.0
SLC25A51,0.0
SLC25A52,4.0
SLC26A10,0.0
SLC26A11,10.0
SLC26A2,0.0
SLC26A4,4.0
SLC26A4-AS1,7.0
SLC27A2,9.0
SLC27A5,6.0
SLC27A6,3.0
SLC29A1,2.0
SLC29A3,10.0
SLC2A10,7.0
SLC2A11,2.0
SLC2A12,10.0
SLC2A4RG,7.0
SLC2A5,5.0
SLC30A1,2.0
SLC30A10,11.0
SLC30A3,8.0
SLC30A4,0.0
SLC32A1,0.0
SLC35A1,4.0
SLC35A2,4.0
SLC35A4,0.0
SLC35A5,2.0
SLC35B4,0.0
SLC35C1,0.0
SLC35D1,2.0
SLC35E4,4.0
SLC35F1,1.0
SLC35F2,7.0
SLC35F3,0.0
SLC35F5,2.0
SLC36A1,1.0
SLC36A4,0.0
SLC38A1,0.0
SLC38A11,0.0
SLC38A2,0.0
SLC38A6,0.0
SLC38A9,0.0
SLC39A10,1.0
SLC39A13,0.0
SLC39A14,0.0
SLC39A4,7.0
SLC39A6,2.0
SLC39A7,0.0
SLC39A8,0.0
SLC40A1,7.0
SLC43A1,0.0
SLC44A2,5.0
SLC44A5,2.0
SLC45A1,0.0
SLC45A4,1.0
SLC46A3,0.0
SLC47A1,0.0
SLC48A1,0.0
SLC49A3,0.0
SLC4A10,5.0
SLC4A11,3.0
SLC4A1AP,3.0
SLC4A3,6.0
SLC4A4,9.0
SLC4A7,7.0
SLC4A8,0.0
SLC4A9,0.0
SLC50A1,3.0
SLC5A11,0.0
SLC5A6,0.0
SLC6A13,0.0
SLC6A15,3.0
SLC6A17,1.0
SLC6A6,0.0
SLC6A7,2.0
SLC7A1,2.0
SLC7A10,6.0
SLC7A11,7.0
SLC7A4,7.0
SLC7A5P2,1.0
SLC7A7,3.0
SLC7A8,0.0
SLC8A1,0.0
SLC8A2,9.0
SLC8B1,5.0
SLC9A3R2,0.0
SLC9A5,0.0
SLC9A6,2.0
SLC9A7,5.0
SLCO2A1,1.0
SLCO3A1,0.0
SLCO4A1,0.0
SLF1,5.0
SLF2,0.0
SLFN11,0.0
SLFN5,0.0
SLIT1,12.0
SLIT2,1.0
SLIT3,7.0
SLITRK1,5.0
SLITRK2,2.0
SLITRK3,0.0
SLITRK4,3.0
SLITRK5,2.0
SLITRK6,3.0
SLMAP,1.0
SLN,6.0
SLU7,0.0
SLX4IP,3.0
SMAD1,7.0
SMAD2,9.0
SMAD3,6.0
SMAD5,3.0
SMAD7,3.0
SMAD9,4.0
SMAP2,5.0
SMARCA1,9.0
SMARCA5,1.0
SMARCC1,2.0
SMARCD3,4.0
SMARCE1,0.0
SMC1A,0.0
SMC2,0.0
SMCO2,3.0
SMCO4,0.0
SMDT1,1.0
SMIM10,0.0
SMIM10L2A,10.0
SMIM10L2B,8.0
SMIM12,0.0
SMIM13,0.0
SMIM14,12.0
SMIM19,6.0
SMIM24,3.0
SMIM29,8.0
SMIM3,0.0
SMIM30,3.0
SMIM32,1.0
SMIM4,7.0
SMIM8,2.0
SMKR1,1.0
SMO,8.0
SMOC2,0.0
SMPD1,4.0
SMPD3,8.0
SMPX,1.0
SMS,5.0
SMUG1,3.0
SMURF1,1.0
SMURF2,11.0
SMYD2,4.0
SNAI3-AS1,6.0
SNAP25,1.0
SNAP47,3.0
SNAPC1,0.0
SNAPC3,1.0
SNAPC5,10.0
SNCA,9.0
SNCAIP,1.0
SNCB,1.0
SNCG,7.0
SND1-IT1,0.0
SNED1,3.0
SNF8,3.0
SNHG1,0.0
SNHG14,0.0
SNHG19,7.0
SNHG21,5.0
SNHG28,1.0
SNHG5,5.0
SNHG8,4.0
SNN,0.0
SNORC,0.0
SNPH,2.0
SNRNP200,4.0
SNRNP25,2.0
SNRNP27,10.0
SNRNP48,0.0
SNRPA1,2.0
SNRPB,4.0
SNRPD3,10.0
SNTA1,8.0
SNTB1,3.0
SNTB2,2.0
SNTG1,0.0
SNTG2,8.0
SNU13,2.0
SNUPN,2.0
SNX1,0.0
SNX10,5.0
SNX14,3.0
SNX17,4.0
SNX18,1.0
SNX2,2.0
SNX21,0.0
SNX24,1.0
SNX25,0.0
SNX27,1.0
SNX29,1.0
SNX3,7.0
SNX5,0.0
SNX6,4.0
SNX7,12.0
SNX8,5.0
SOAT1,0.0
SOBP,2.0
SOCS1,1.0
SOCS2,4.0
SOCS4,0.0
SOCS5,0.0
SOCS7,8.0
SOGA3,1.0
SOHLH1,0.0
SORBS1,0.0
SORBS2,9.0
SORBS3,0.0
SORCS1,2.0
SORCS3,4.0
SORL1,0.0
SORT1,0.0
SOS1,2.0
SOS2,4.0
SOSTDC1,4.0
SOWAHA,12.0
SOWAHB,3.0
SOWAHC,4.0
SOWAHD,5.0
SOX11,4.0
SOX12,3.0
SOX15,3.0
SOX2,6.0
SOX2-OT,1.0
SOX21,5.0
SOX3,3.0
SOX4,12.0
SOX5,6.0
SOX8,2.0
SOX9,8.0
SOX9-AS1,9.0
SP1,1.0
SP110,2.0
SP140L,0.0
SP3,0.0
SP5,8.0
SPA17,3.0
SPACA3,3.0
SPACA6,2.0
SPAG16,2.0
SPAG4,0.0
SPAG5,0.0
SPAG7,4.0
SPAG9,1.0
SPARC,4.0
SPARCL1,2.0
SPART,0.0
SPATA1,5.0
SPATA13,4.0
SPATA18,2.0
SPATA2,0.0
SPATA20,4.0
SPATA33,15.0
SPATA6,0.0
SPATA7,5.0
SPATC1L,11.0
SPATS2,2.0
SPATS2L,4.0
SPDEF,1.0
SPDL1,4.0
SPECC1,0.0
SPECC1L,0.0
SPEF1,0.0
SPEG,6.0
SPG7,2.0
SPHK1,0.0
SPHK2,0.0
SPHKAP,4.0
SPIDR,5.0
SPINK2,7.0
SPINK8,0.0
SPINT2,5.0
SPOCK2,0.0
SPOCK3,0.0
SPON1,0.0
SPON2,3.0
SPOPL,0.0
SPP1,0.0
SPPL3,11.0
SPR,0.0
SPRED1,11.0
SPRED2,5.0
SPRN,4.0
SPRTN,2.0
SPRY1,2.0
SPRY2,7.0
SPRY3,1.0
SPRY4,2.0
SPRYD3,3.0
SPRYD4,4.0
SPSB1,0.0
SPSB2,1.0
SPSB3,1.0
SPTB,2.0
SPTBN2,3.0
SPTBN4,3.0
SPTBN5,1.0
SPTLC1,2.0
SPTSSA,4.0
SPTSSB,0.0
SPX,0.0
SQLE,10.0
SQOR,3.0
SQSTM1,2.0
SRA1,0.0
SRBD1,1.0
SRC,2.0
SRCIN1,8.0
SRD5A1,0.0
SRD5A3,12.0
SREBF1,4.0
SREBF2,9.0
SREK1IP1,4.0
SRF,6.0
SRGAP1,4.0
SRGAP2,1.0
SRGAP3,2.0
SRP19,4.0
SRP54,2.0
SRP68,4.0
SRP9,8.0
SRPK1,1.0
SRPK3,1.0
SRPRA,0.0
SRR,9.0
SRRD,8.0
SRRM3,0.0
SRRM4,3.0
SRSF1,0.0
SRSF11,2.0
SRSF12,6.0
SRSF5,0.0
SRSF6,2.0
SRSF7,3.0
SRSF8,2.0
SRXN1,0.0
SS18,1.0
SS18L1,3.0
SSBP1,2.0
SSBP2,4.0
SSBP3,2.0
SSBP4,5.0
SSC4D,6.0
SSC5D,0.0
SSH3,0.0
SSPN,3.0
SSR1,3.0
SSR3,1.0
SSR4,3.0
SSR4P1,5.0
SSSCA1,4.0
SST,9.0
SSTR1,5.0
SSTR2,8.0
SSX2IP,0.0
ST13,0.0
ST20,6.0
ST3GAL1,3.0
ST3GAL2,2.0
ST3GAL3,0.0
ST3GAL5,0.0
ST3GAL6,1.0
ST3GAL6-AS1,0.0
ST5,9.0
ST6GAL1,5.0
ST6GAL2,9.0
ST6GALNAC1,0.0
ST6GALNAC3,0.0
ST6GALNAC5,10.0
ST6GALNAC6,6.0
ST7,2.0
ST7L,0.0
ST8SIA1,0.0
ST8SIA3,1.0
ST8SIA4,9.0
ST8SIA5,0.0
STAC2,0.0
STAG1,2.0
STAG2,2.0
STAG3L4,0.0
STAM2,0.0
STAMBP,0.0
STAMBPL1,1.0
STAR,0.0
STARD10,0.0
STARD13,1.0
STARD3NL,7.0
STARD5,0.0
STARD9,0.0
STAT1,5.0
STAT4,0.0
STAT6,1.0
STAU2,0.0
STBD1,0.0
STC2,0.0
STEAP1,2.0
STEAP2,0.0
STEAP3,0.0
STH,2.0
STIM1,10.0
STIM2,0.0
STK10,1.0
STK17A,7.0
STK19,4.0
STK24,1.0
STK25,6.0
STK26,0.0
STK32C,5.0
STK33,2.0
STK36,0.0
STK39,1.0
STK4,4.0
STMN1,4.0
STMN2,4.0
STMN3,6.0
STMP1,0.0
STN1,0.0
STOM,3.0
STOML1,5.0
STOML2,1.0
STON2,7.0
STOX2,2.0
STPG1,0.0
STRADA,1.0
STRBP,0.0
STRIP1,2.0
STRIP2,3.0
STRN,0.0
STS,0.0
STUB1,3.0
STUM,12.0
STX12,10.0
STX17,4.0
STX17-AS1,17.0
STX18,0.0
STX19,1.0
STX1A,7.0
STX1B,0.0
STX2,5.0
STX3,4.0
STX6,1.0
STX7,8.0
STXBP1,3.0
STXBP3,3.0
STXBP4,3.0
STXBP5,1.0
STXBP5L,0.0
STXBP6,0.0
STYK1,8.0
STYX,0.0
STYXL1,2.0
SUB1,6.0
SUCLA2,2.0
SUCLG2,1.0
SUCO,3.0
SUGCT,3.0
SUGP2,0.0
SUGT1,0.0
SUGT1P3,1.0
SULF1,3.0
SULF2,9.0
SULT1C4,6.0
SULT4A1,2.0
SUMF1,9.0
SUMO3,7.0
SUN1,2.0
SUPT20H,0.0
SUPT7L,2.0
SUPV3L1,1.0
SURF4,2.0
SUSD1,13.0
SUSD2,1.0
SUSD3,7.0
SUSD4,0.0
SUSD5,0.0
SUSD6,1.0
SUV39H1,3.0
SUZ12,0.0
SV2B,4.0
SV2C,0.0
SVIP,0.0
SVOP,7.0
SWI5,5.0
SWSAP1,1.0
SYBU,1.0
SYCE1,3.0
SYCE3,2.0
SYCP2,0.0
SYDE2,0.0
SYF2,6.0
SYK,1.0
SYN2,9.0
SYN3,1.0
SYNCRIP,2.0
SYNDIG1,0.0
SYNDIG1L,1.0
SYNE1,0.0
SYNE2,0.0
SYNE3,1.0
SYNE4,0.0
SYNGR1,3.0
SYNGR3,5.0
SYNJ1,0.0
SYNJ2,0.0
SYNM,1.0
SYNPO2,1.0
SYNPR,7.0
SYNRG,1.0
SYP,3.0
SYT1,3.0
SYT10,2.0
SYT11,0.0
SYT12,1.0
SYT13,3.0
SYT15,0.0
SYT17,11.0
SYT2,0.0
SYT3,0.0
SYT5,3.0
SYT6,0.0
SYT9,3.0
SYTL2,6.0
SYTL4,3.0
SYTL5,7.0
SYVN1,0.0
SZRD1,2.0
TAB2,1.0
TAB3,1.0
TAC1,7.0
TAC3,6.0
TACC1,3.0
TACC2,2.0
TADA2A,2.0
TAF10,2.0
TAF1C,0.0
TAF1D,1.0
TAF2,1.0
TAF3,0.0
TAF4B,0.0
TAF5,0.0
TAF6,2.0
TAF9B,3.0
TAGLN2,2.0
TAGLN3,9.0
TAL2,1.0
TAMM41,10.0
TANC1,0.0
TANC2,0.0
TANGO2,0.0
TANK,0.0
TAOK1,4.0
TAP1,0.0
TAPT1,3.0
TARBP1,3.0
TARDBP,0.0
TARS,0.0
TARSL2,0.0
TAS2R10,0.0
TAS2R14,0.0
TAS2R19,0.0
TAS2R43,0.0
TASP1,3.0
TATDN1,5.0
TATDN2,4.0
TATDN3,4.0
TBC1D1,0.0
TBC1D10C,1.0
TBC1D16,1.0
TBC1D19,0.0
TBC1D22B,2.0
TBC1D24,5.0
TBC1D25,3.0
TBC1D26,11.0
TBC1D30,0.0
TBC1D31,1.0
TBC1D4,0.0
TBC1D5,5.0
TBC1D8,0.0
TBC1D8B,0.0
TBC1D9B,2.0
TBCC,2.0
TBCE,0.0
TBCEL,0.0
TBK1,0.0
TBL1X,2.0
TBL1Y,0.0
TBPL1,6.0
TBR1,1.0
TBRG1,0.0
TBX19,4.0
TBX2-AS1,0.0
TBXA2R,8.0
TC2N,1.0
TCAIM,0.0
TCAP,12.0
TCEA1,1.0
TCEA2,3.0
TCEA3,8.0
TCEAL3,4.0
TCEAL4,4.0
TCEAL5,3.0
TCEAL6,3.0
TCERG1,0.0
TCERG1L,3.0
TCF12,2.0
TCF3,4.0
TCF4,6.0
TCF7L1,7.0
TCF7L2,1.0
TCFL5,3.0
TCHH,0.0
TCHP,0.0
TCIM,1.0
TCIRG1,1.0
TCOF1,0.0
TCP1,6.0
TCTA,5.0
TCTE1,8.0
TCTEX1D1,0.0
TCTEX1D2,8.0
TCTN1,6.0
TCTN2,0.0
TDP2,0.0
TDRD1,0.0
TDRD10,2.0
TDRD3,1.0
TDRD6,0.0
TDRD9,6.0
TDRKH,5.0
TDRP,1.0
TEAD1,5.0
TEAD3,5.0
TECPR1,3.0
TEKT2,21.0
TENM1,5.0
TENM2,4.0
TENM3,8.0
TENM4,1.0
TEP1,1.0
TEPSIN,1.0
TERF2,3.0
TERT,0.0
TES,0.0
TESC,0.0
TESPA1,1.0
TET2,0.0
TEX26,0.0
TEX29,0.0
TEX30,0.0
TEX47,0.0
TEX9,1.0
TFAM,1.0
TFB1M,0.0
TFDP1,0.0
TFDP2,0.0
TFEB,0.0
TFEC,7.0
TFIP11,5.0
TFPT,6.0
TFRC,4.0
TG,5.0
TGDS,0.0
TGFBI,4.0
TGFBR1,0.0
TGFBR3L,6.0
TGFBRAP1,1.0
TGM1,0.0
TGS1,4.0
THAP10,0.0
THAP11,4.0
THAP3,0.0
THAP7,2.0
THAP9,0.0
THBD,0.0
THBS2,0.0
THBS3,0.0
THBS4,1.0
THEM6,0.0
THEMIS,2.0
THEMIS2,0.0
THG1L,0.0
THOC1,0.0
THOC5,1.0
THOC6,1.0
THOC7,4.0
THRA,14.0
THRB,4.0
THSD4,0.0
THSD7A,1.0
THTPA,13.0
TIAM1,1.0
TIAM2,0.0
TICAM1,0.0
TIFA,0.0
TIGAR,1.0
TIGD2,0.0
TIGD3,0.0
TIMM17A,5.0
TIMM17B,6.0
TIMM22,2.0
TIMM23,2.0
TIMM44,2.0
TIMM8B,9.0
TIMP1,2.0
TIMP2,7.0
TIMP3,6.0
TINCR,8.0
TINF2,3.0
TIPARP,0.0
TJP2,0.0
TK1,1.0
TK2,2.0
TKFC,12.0
TLDC1,6.0
TLE1,3.0
TLE2,1.0
TLE4,0.0
TLK1,2.0
TLL1,6.0
TLL2,0.0
TLN2,9.0
TLR1,5.0
TLR2,4.0
TLR3,3.0
TLR4,3.0
TLX2,1.0
TM2D3,6.0
TM6SF1,1.0
TM7SF2,7.0
TM7SF3,0.0
TM9SF1,0.0
TM9SF2,1.0
TMBIM1,1.0
TMBIM6,1.0
TMC8,11.0
TMCC1,1.0
TMCC2,0.0
TMCC3,0.0
TMED10,11.0
TMED5,3.0
TMED7,2.0
TMEFF2,10.0
TMEM100,7.0
TMEM106A,7.0
TMEM106B,2.0
TMEM106C,6.0
TMEM107,9.0
TMEM108,9.0
TMEM109,0.0
TMEM117,7.0
TMEM120A,2.0
TMEM120B,1.0
TMEM121,4.0
TMEM123,0.0
TMEM126A,6.0
TMEM126B,1.0
TMEM127,0.0
TMEM130,8.0
TMEM131,1.0
TMEM132A,6.0
TMEM132B,3.0
TMEM132C,0.0
TMEM132D,4.0
TMEM132E,2.0
TMEM136,5.0
TMEM141,2.0
TMEM144,0.0
TMEM145,1.0
TMEM14A,0.0
TMEM14C,0.0
TMEM150C,6.0
TMEM155,2.0
TMEM158,11.0
TMEM159,5.0
TMEM160,4.0
TMEM161B-AS1,1.0
TMEM163,1.0
TMEM164,5.0
TMEM167B,0.0
TMEM168,1.0
TMEM169,0.0
TMEM17,10.0
TMEM170A,6.0
TMEM170B,1.0
TMEM173,8.0
TMEM175,1.0
TMEM176A,6.0
TMEM176B,8.0
TMEM178A,2.0
TMEM178B,1.0
TMEM179B,3.0
TMEM182,3.0
TMEM183A,3.0
TMEM184B,4.0
TMEM184C,0.0
TMEM185B,3.0
TMEM189,1.0
TMEM19,2.0
TMEM192,0.0
TMEM196,0.0
TMEM198,5.0
TMEM200A,11.0
TMEM200C,3.0
TMEM203,5.0
TMEM205,3.0
TMEM208,5.0
TMEM209,2.0
TMEM215,9.0
TMEM219,9.0
TMEM223,0.0
TMEM229A,1.0
TMEM229B,1.0
TMEM230,6.0
TMEM233,6.0
TMEM237,1.0
TMEM238,7.0
TMEM241,2.0
TMEM242,7.0
TMEM249,8.0
TMEM25,3.0
TMEM250,1.0
TMEM251,2.0
TMEM254,4.0
TMEM255A,8.0
TMEM255B,2.0
TMEM256,8.0
TMEM260,1.0
TMEM263,12.0
TMEM266,4.0
TMEM268,1.0
TMEM38A,0.0
TMEM38B,0.0
TMEM39A,0.0
TMEM41B,0.0
TMEM42,11.0
TMEM44,0.0
TMEM47,4.0
TMEM50A,2.0
TMEM53,9.0
TMEM54,3.0
TMEM59,4.0
TMEM59L,7.0
TMEM65,6.0
TMEM70,4.0
TMEM74,7.0
TMEM74B,4.0
TMEM81,0.0
TMEM86B,0.0
TMEM87A,0.0
TMEM87B,2.0
TMEM88,0.0
TMEM8B,7.0
TMEM9,11.0
TMEM91,9.0
TMEM97,2.0
TMIE,6.0
TMLHE,0.0
TMOD1,2.0
TMOD3,8.0
TMPO,1.0
TMPRSS6,1.0
TMSB10,6.0
TMSB15B,4.0
TMSB4X,6.0
TMTC1,3.0
TMTC4,0.0
TMUB2,3.0
TMX1,0.0
TMX4,0.0
TNC,0.0
TNF,0.0
TNFAIP1,1.0
TNFAIP2,7.0
TNFAIP8L1,6.0
TNFAIP8L2,7.0
TNFAIP8L3,8.0
TNFRSF10B,5.0
TNFRSF11A,8.0
TNFRSF12A,1.0
TNFRSF13C,8.0
TNFRSF14,5.0
TNFRSF21,0.0
TNFRSF25,1.0
TNFRSF4,1.0
TNFSF12,4.0
TNFSF13B,4.0
TNIK,8.0
TNIP1,0.0
TNKS,0.0
TNNC2,0.0
TNNI3,6.0
TNNT1,10.0
TNNT2,0.0
TNNT3,2.0
TNS1,0.0
TOB1,0.0
TOLLIP,3.0
TOM1L1,6.0
TOMM20,4.0
TOMM34,0.0
TOMM40L,1.0
TOP2B,3.0
TOP3A,2.0
TOPORS,3.0
TOR1AIP1,0.0
TOR1AIP2,0.0
TOR4A,1.0
TOX,1.0
TOX2,0.0
TOX3,12.0
TOX4,2.0
TP53BP2,6.0
TP53I11,13.0
TP53I3,5.0
TP53TG1,4.0
TP53TG3D,1.0
TPBG,0.0
TPCN1,0.0
TPCN2,4.0
TPD52,3.0
TPD52L1,2.0
TPGS2,1.0
TPI1,4.0
TPI1P2,5.0
TPK1,1.0
TPM3,6.0
TPMT,1.0
TPP1,6.0
TPP2,0.0
TPPP3,0.0
TPR,2.0
TPRG1L,9.0
TPRXL,3.0
TPST2,2.0
TPT1,5.0
TPT1-AS1,1.0
TPTE,5.0
TPTE2P1,6.0
TPTE2P6,0.0
TPTEP1,1.0
TRA2B,5.0
TRABD2A,3.0
TRADD,2.0
TRAF2,0.0
TRAF3,1.0
TRAF3IP2,7.0
TRAF3IP3,9.0
TRAF5,1.0
TRAF6,2.0
TRAF7,2.0
TRAIP,12.0
TRAK2,0.0
TRAM2-AS1,0.0
TRANK1,0.0
TRAPPC11,2.0
TRAPPC2B,0.0
TRAPPC2L,9.0
TRAPPC3,3.0
TRAPPC4,6.0
TRAPPC6A,4.0
TRDMT1,2.0
TRERF1,0.0
TRH,2.0
TRHDE,2.0
TRIB1,8.0
TRIB2,4.0
TRIB3,10.0
TRIL,4.0
TRIM17,7.0
TRIM21,0.0
TRIM22,4.0
TRIM23,1.0
TRIM24,7.0
TRIM25,3.0
TRIM26,2.0
TRIM27,10.0
TRIM28,3.0
TRIM3,2.0
TRIM32,0.0
TRIM35,0.0
TRIM36,7.0
TRIM37,0.0
TRIM41,0.0
TRIM44,1.0
TRIM45,9.0
TRIM47,0.0
TRIM5,0.0
TRIM52,0.0
TRIM56,1.0
TRIM58,1.0
TRIM61,0.0
TRIM62,3.0
TRIM65,1.0
TRIM69,1.0
TRIM7,1.0
TRIM71,7.0
TRIM8,3.0
TRIM9,1.0
TRIO,7.0
TRIOBP,1.0
TRIP11,0.0
TRIP12,5.0
TRIP6,4.0
TRIT1,0.0
TRMT10A,0.0
TRMT10C,3.0
TRMT12,8.0
TRMT13,1.0
TRMT2B,0.0
TRMT61B,1.0
TRMT9B,0.0
TRNAU1AP,2.0
TRNP1,0.0
TRPC3,0.0
TRPC4,9.0
TRPM2,0.0
TRPM3,0.0
TRPM4,0.0
TRPS1,2.0
TRPT1,0.0
TRPV2,8.0
TRPV3,0.0
TRRAP,0.0
TRUB1,5.0
TSACC,2.0
TSC2,2.0
TSC22D1,1.0
TSEN2,0.0
TSEN34,13.0
TSHZ1,0.0
TSHZ2,3.0
TSHZ3,2.0
TSNARE1,2.0
TSNAXIP1,1.0
TSPAN12,2.0
TSPAN13,1.0
TSPAN14,7.0
TSPAN17,5.0
TSPAN18,3.0
TSPAN2,3.0
TSPAN31,0.0
TSPAN33,6.0
TSPAN4,1.0
TSPAN5,4.0
TSPAN6,9.0
TSPAN7,2.0
TSPAN8,0.0
TSPAN9,1.0
TSPO,0.0
TSPOAP1,9.0
TSPOAP1-AS1,1.0
TSPYL1,0.0
TSPYL2,4.0
TSPYL4,2.0
TSPYL5,1.0
TSR1,3.0
TSR2,4.0
TST,5.0
TSTA3,3.0
TSTD1,9.0
TTBK1,4.0
TTBK2,0.0
TTC12,0.0
TTC14,0.0
TTC19,2.0
TTC21A,2.0
TTC21B,0.0
TTC23L,3.0
TTC30A,1.0
TTC30B,0.0
TTC37,2.0
TTC38,5.0
TTC39A,0.0
TTC39B,0.0
TTC39C,2.0
TTC7B,5.0
TTC8,7.0
TTC9,3.0
TTC9B,6.0
TTF2,1.0
TTL,1.0
TTLL1,8.0
TTLL11,0.0
TTLL12,2.0
TTLL4,3.0
TTN,0.0
TTPA,5.0
TTPAL,7.0
TTR,3.0
TTYH1,5.0
TUB,7.0
TUBA1A,6.0
TUBA1B,5.0
TUBA1C,1.0
TUBA3C,2.0
TUBA4A,3.0
TUBA4B,3.0
TUBB2A,9.0
TUBB2B,6.0
TUBB3,3.0
TUBB4A,1.0
TUBB4B,4.0
TUBB6,8.0
TUBB8,5.0
TUBB8P12,7.0
TUBD1,0.0
TUBE1,1.0
TUBG2,3.0
TUBGCP3,0.0
TUBGCP4,1.0
TUBGCP5,0.0
TUBGCP6,2.0
TULP3,4.0
TUNAR,1.0
TUSC1,2.0
TUSC3,9.0
TUT1,0.0
TVP23A,2.0
TWF2,2.0
TWIST1,2.0
TXLNA,1.0
TXLNB,5.0
TXLNG,0.0
TXLNGY,0.0
TXN,8.0
TXNL4A,6.0
TXNRD3,2.0
TYMP,2.0
TYRO3,5.0
TYROBP,3.0
TYRP1,4.0
TYW5,8.0
U2SURP,1.0
UACA,0.0
UAP1,3.0
UBA3,1.0
UBA52,10.0
UBALD1,5.0
UBAP1,0.0
UBAP1L,0.0
UBAP2,3.0
UBC,2.0
UBE2A,7.0
UBE2B,4.0
UBE2D1,0.0
UBE2D2,7.0
UBE2D3,2.0
UBE2E2,5.0
UBE2G1,0.0
UBE2H,2.0
UBE2I,2.0
UBE2J1,2.0
UBE2K,4.0
UBE2M,4.0
UBE2MP1,4.0
UBE2O,0.0
UBE2Q2L,3.0
UBE2QL1,0.0
UBE2R2,3.0
UBE2W,3.0
UBE2Z,4.0
UBE3A,4.0
UBE3B,1.0
UBE3C,7.0
UBE3D,1.0
UBE4B,0.0
UBIAD1,2.0
UBL3,0.0
UBL5,4.0
UBL7,2.0
UBL7-AS1,2.0
UBN1,0.0
UBP1,1.0
UBQLN4,1.0
UBR1,4.0
UBR2,0.0
UBR4,2.0
UBR5,0.0
UBTD2,0.0
UBXN10,0.0
UBXN2B,5.0
UBXN6,4.0
UBXN8,8.0
UCHL1,6.0
UCHL3,9.0
UCHL5,0.0
UCN2,1.0
UCP3,0.0
UEVLD,1.0
UFC1,7.0
UFL1,4.0
UFM1,7.0
UG0898H09,8.0
UGCG,0.0
UGGT1,0.0
UGGT2,3.0
UGP2,2.0
UGT8,0.0
UHMK1,9.0
UHRF1,1.0
UHRF2,7.0
UIMC1,0.0
ULBP2,4.0
ULK1,1.0
ULK2,5.0
ULK3,1.0
UMODL1-AS1,2.0
UMPS,7.0
UNC13A,6.0
UNC13B,5.0
UNC13C,0.0
UNC13D,0.0
UNC50,2.0
UNC5A,2.0
UNC5B-AS1,11.0
UNC5D,2.0
UNC79,1.0
UNC93B1,4.0
UPF3A,0.0
UPP1,0.0
UPP2,10.0
UQCC2,4.0
UQCR10,2.0
UQCRC2,2.0
UQCRFS1,3.0
UQCRH,2.0
UQCRHL,1.0
URGCP,0.0
URI1,0.0
URM1,0.0
UROS,6.0
USE1,3.0
USF2,0.0
USO1,2.0
USP13,1.0
USP14,3.0
USP16,0.0
USP18,5.0
USP19,1.0
USP22,4.0
USP24,3.0
USP28,1.0
USP3,3.0
USP31,0.0
USP32P1,6.0
USP32P2,5.0
USP33,0.0
USP36,0.0
USP37,1.0
USP38,0.0
USP4,2.0
USP42,4.0
USP43,1.0
USP45,0.0
USP46,7.0
USP49,2.0
USP5,5.0
USP51,5.0
USP53,2.0
USP6NL,1.0
USP7,5.0
USP8,0.0
USP9X,9.0
USPL1,0.0
UST,1.0
UTP18,2.0
UTP20,1.0
UTP23,0.0
UTRN,0.0
UVRAG,1.0
UXS1,1.0
VAMP1,0.0
VAMP8,5.0
VANGL1,0.0
VANGL2,8.0
VAPA,0.0
VAPB,2.0
VASH1,7.0
VASH2,0.0
VASN,12.0
VASP,1.0
VAT1,2.0
VAT1L,1.0
VAV1,13.0
VAV3,0.0
VCAN,5.0
VCL,1.0
VCP,4.0
VCX,0.0
VCX2,0.0
VDAC3,2.0
VEGFA,0.0
VEGFC,0.0
VEZF1,0.0
VEZT,9.0
VGF,2.0
VGLL4,4.0
VILL,0.0
VIM,4.0
VIP,7.0
VIPR1,2.0
VIPR2,0.0
VIT,2.0
VKORC1L1,7.0
VLDLR,5.0
VMA21,6.0
VMP1,0.0
VOPP1,7.0
VPS11,0.0
VPS13A,3.0
VPS13C,3.0
VPS13D,1.0
VPS16,4.0
VPS18,0.0
VPS26A,1.0
VPS26B,6.0
VPS28,4.0
VPS29,8.0
VPS33B,4.0
VPS35,2.0
VPS36,0.0
VPS37B,9.0
VPS37C,11.0
VPS37D,9.0
VPS39,0.0
VPS41,2.0
VPS4A,2.0
VPS51,2.0
VPS52,1.0
VPS53,1.0
VPS54,0.0
VPS9D1,2.0
VSIG10L,8.0
VSNL1,2.0
VSTM1,0.0
VSTM2A,0.0
VSTM2B,2.0
VSTM2L,4.0
VTA1,3.0
VTI1A,7.0
VTI1B,7.0
VWA1,1.0
VWA3A,1.0
VWA5A,2.0
VWA5B2,3.0
VWA8,0.0
VWC2,0.0
VWC2L,2.0
VWCE,3.0
VWDE,1.0
VWF,0.0
WAC,2.0
WAC-AS1,2.0
WASF1,0.0
WASF2,3.0
WASHC2A,0.0
WASHC2C,1.0
WASHC4,0.0
WBP2,4.0
WDFY3-AS2,0.0
WDFY4,11.0
WDHD1,2.0
WDPCP,0.0
WDR1,4.0
WDR13,7.0
WDR17,4.0
WDR19,0.0
WDR24,1.0
WDR26,4.0
WDR33,0.0
WDR35,0.0
WDR37,1.0
WDR4,2.0
WDR44,2.0
WDR45,0.0
WDR45B,5.0
WDR46,4.0
WDR47,2.0
WDR49,0.0
WDR53,1.0
WDR54,7.0
WDR6,12.0
WDR60,2.0
WDR66,8.0
WDR7,3.0
WDR74,1.0
WDR75,0.0
WDR78,1.0
WDR83,6.0
WDR86,8.0
WDR90,0.0
WDR97,1.0
WDYHV1,0.0
WFDC1,1.0
WFDC2,0.0
WFIKKN1,2.0
WFS1,11.0
WHRN,0.0
WIF1,3.0
WIPF1,0.0
WIPF2,1.0
WIPF3,0.0
WIPI1,1.0
WIPI2,6.0
WIZ,11.0
WLS,8.0
WNT10A,0.0
WNT10B,7.0
WNT2B,0.0
WNT3,0.0
WNT4,7.0
WNT6,1.0
WNT7A,2.0
WNT7B,10.0
WRN,2.0
WSB2,4.0
WSCD1,6.0
WSCD2,0.0
WTIP,7.0
WWC1,8.0
WWC2,4.0
WWOX,2.0
WWP1,0.0
WWTR1,2.0
XAF1,3.0
XIAP,4.0
XK,7.0
XKR4,8.0
XKR6,0.0
XKR8,0.0
XKR9,1.0
XPA,3.0
XPR1,0.0
XRCC4,4.0
XRCC6,4.0
XYLB,2.0
XYLT1,6.0
XYLT2,0.0
YAF2,7.0
YAP1,8.0
YARS,0.0
YARS2,3.0
YBX1,2.0
YBX2,2.0
YBX3,1.0
YBX3P1,1.0
YEATS2,4.0
YEATS4,1.0
YIF1A,3.0
YIPF4,2.0
YIPF6,1.0
YJEFN3,5.0
YLPM1,5.0
YME1L1,3.0
YOD1,0.0
YPEL1,13.0
YPEL3,1.0
YPEL4,1.0
YPEL5,4.0
YRDC,2.0
YTHDC1,0.0
YTHDF2,2.0
YWHAB,7.0
YWHAG,2.0
YWHAH,5.0
YWHAQ,5.0
YWHAZ,10.0
YY1,2.0
ZADH2,0.0
ZBBX,0.0
ZBED1,1.0
ZBED5,0.0
ZBED6,0.0
ZBED9,1.0
ZBTB1,0.0
ZBTB11,1.0
ZBTB16,0.0
ZBTB18,4.0
ZBTB2,1.0
ZBTB20,1.0
ZBTB21,0.0
ZBTB24,1.0
ZBTB26,0.0
ZBTB38,0.0
ZBTB4,1.0
ZBTB40,0.0
ZBTB44,5.0
ZBTB45,2.0
ZBTB7A,0.0
ZBTB8A,5.0
ZC2HC1A,0.0
ZC3H12B,0.0
ZC3H12C,0.0
ZC3H15,7.0
ZC3H7A,0.0
ZC3H7B,3.0
ZC3HAV1,9.0
ZCCHC11,2.0
ZCCHC12,12.0
ZCCHC14,2.0
ZCCHC17,7.0
ZCCHC18,13.0
ZCCHC2,3.0
ZCCHC7,0.0
ZCCHC8,1.0
ZCWPW2,4.0
ZDHHC12,3.0
ZDHHC14,9.0
ZDHHC17,1.0
ZDHHC2,0.0
ZDHHC21,0.0
ZDHHC22,4.0
ZDHHC23,5.0
ZDHHC24,4.0
ZDHHC3,1.0
ZDHHC4,3.0
ZDHHC5,0.0
ZER1,7.0
ZFAND1,4.0
ZFAND2A,4.0
ZFAND3,4.0
ZFAND4,0.0
ZFAND6,2.0
ZFAT,2.0
ZFHX2,0.0
ZFHX3,2.0
ZFHX4,0.0
ZFHX4-AS1,6.0
ZFP14,1.0
ZFP36L1,3.0
ZFP36L2,6.0
ZFP37,0.0
ZFP64,11.0
ZFP69,4.0
ZFP82,2.0
ZFP90,1.0
ZFP91,2.0
ZFPM2,0.0
ZFX,0.0
ZFYVE1,0.0
ZFYVE16,1.0
ZFYVE19,0.0
ZFYVE21,7.0
ZFYVE26,1.0
ZFYVE28,0.0
ZFYVE9,0.0
ZGRF1,0.0
ZHX2,2.0
ZIC1,0.0
ZIC3,0.0
ZIC4,0.0
ZIM2,0.0
ZMAT1,4.0
ZMAT4,0.0
ZMIZ1,4.0
ZMIZ2,5.0
ZMPSTE24,0.0
ZMYM3,5.0
ZMYM4,0.0
ZMYM5,1.0
ZMYND10,3.0
ZMYND11,0.0
ZMYND12,5.0
ZMYND15,9.0
ZNF10,0.0
ZNF101,1.0
ZNF107,0.0
ZNF112,1.0
ZNF12,1.0
ZNF124,0.0
ZNF131,3.0
ZNF133,0.0
ZNF136,1.0
ZNF140,0.0
ZNF141,0.0
ZNF146,0.0
ZNF148,0.0
ZNF157,2.0
ZNF165,0.0
ZNF175,0.0
ZNF184,6.0
ZNF19,3.0
ZNF192P1,2.0
ZNF195,1.0
ZNF202,2.0
ZNF212,1.0
ZNF215,7.0
ZNF217,0.0
ZNF219,7.0
ZNF222,1.0
ZNF223,0.0
ZNF224,0.0
ZNF226,10.0
ZNF229,5.0
ZNF232,1.0
ZNF236,0.0
ZNF239,2.0
ZNF248,0.0
ZNF25,1.0
ZNF250,1.0
ZNF254,3.0
ZNF26,2.0
ZNF260,0.0
ZNF268,0.0
ZNF271P,1.0
ZNF273,1.0
ZNF286A,4.0
ZNF287,0.0
ZNF292,0.0
ZNF322,0.0
ZNF324,1.0
ZNF329,3.0
ZNF333,0.0
ZNF334,3.0
ZNF346,4.0
ZNF350,5.0
ZNF358,1.0
ZNF362,1.0
ZNF365,1.0
ZNF37BP,1.0
ZNF385A,0.0
ZNF385B,0.0
ZNF385D,0.0
ZNF394,0.0
ZNF395,4.0
ZNF396,0.0
ZNF398,0.0
ZNF404,0.0
ZNF418,5.0
ZNF423,1.0
ZNF425,1.0
ZNF429,5.0
ZNF436,8.0
ZNF436-AS1,1.0
ZNF438,8.0
ZNF44,0.0
ZNF440,0.0
ZNF443,0.0
ZNF449,5.0
ZNF462,4.0
ZNF471,2.0
ZNF48,2.0
ZNF480,4.0
ZNF493,0.0
ZNF500,1.0
ZNF502,0.0
ZNF503,0.0
ZNF510,0.0
ZNF516,3.0
ZNF518A,2.0
ZNF519,0.0
ZNF521,9.0
ZNF532,0.0
ZNF540,0.0
ZNF541,5.0
ZNF542P,0.0
ZNF544,4.0
ZNF547,1.0
ZNF555,0.0
ZNF557,0.0
ZNF558,2.0
ZNF562,2.0
ZNF565,0.0
ZNF566,0.0
ZNF567,1.0
ZNF569,2.0
ZNF572,6.0
ZNF575,13.0
ZNF577,5.0
ZNF589,5.0
ZNF592,0.0
ZNF598,1.0
ZNF599,2.0
ZNF608,7.0
ZNF610,1.0
ZNF611,1.0
ZNF615,0.0
ZNF618,0.0
ZNF620,0.0
ZNF621,1.0
ZNF622,2.0
ZNF624,0.0
ZNF630,0.0
ZNF641,1.0
ZNF646,0.0
ZNF653,0.0
ZNF655,1.0
ZNF667,1.0
ZNF670,1.0
ZNF672,0.0
ZNF677,9.0
ZNF681,3.0
ZNF684,0.0
ZNF692,0.0
ZNF697,4.0
ZNF701,1.0
ZNF706,9.0
ZNF708,0.0
ZNF710,4.0
ZNF711,3.0
ZNF714,0.0
ZNF717,1.0
ZNF727,4.0
ZNF736,2.0
ZNF74,7.0
ZNF75A,1.0
ZNF763,0.0
ZNF765,1.0
ZNF777,3.0
ZNF780A,2.0
ZNF785,1.0
ZNF786,2.0
ZNF789,5.0
ZNF790,1.0
ZNF8,0.0
ZNF812P,1.0
ZNF816,2.0
ZNF821,3.0
ZNF823,0.0
ZNF827,5.0
ZNF83,8.0
ZNF831,10.0
ZNF839,3.0
ZNF844,2.0
ZNF845,4.0
ZNF853,3.0
ZNF876P,7.0
ZNF880,4.0
ZNF883,8.0
ZNF93,4.0
ZNHIT1,3.0
ZNHIT3,5.0
ZNRD1ASP,1.0
ZNRF1,9.0
ZNRF2,11.0
ZNRF2P1,2.0
ZNRF4,6.0
ZRANB1,1.0
ZRANB2,2.0
ZRANB3,8.0
ZSCAN18,12.0
ZSCAN2,1.0
ZSCAN26,4.0
ZSCAN30,2.0
ZSCAN31,1.0
ZSCAN5A,4.0
ZSCAN9,0.0
ZSWIM4,0.0
ZSWIM6,2.0
ZSWIM7,5.0
ZSWIM9,7.0
ZWILCH,4.0
ZXDA,2.0
ZYG11B,5.0
ZYX,1.0
