"roi","diagnosis_beta","Advan_inno","BrainGluSchi","Baltimore","Dallas","dallas","boston","hartford","georgia","chicago","COBRE","A","C","MultidimCog","speech","SWA","HUH","HKH","COI","KUT","KTT","UTO","Study_neura","Transdiagnostic2","Transdiagnostic1"
"1",0.257181311539162,0.291043131072063,0.365934231819066,0.413184462695056,0.31016700142478,0.373695502192249,0.381986073846195,0.339084344079633,0.291617831251098,0.395849145999169,0.310888558196559,0.364294862427166,0.357479483299159,0.385181025982491,0.418635389302342,0.192005837245991,0.247922290922038,0.310304067613054,0.394970317468658,0.571223775549046,0.379589416491253,0.418962137480673,0.383758440111389,0.310081061873465,0.33198435849763
"2",0.0387883522281996,0.0013966646081646,0.0921547083089163,0.0832506932407712,0.0745335800454157,0.0286456893339088,0.0409006880506607,0.0718218501935526,0.032540913890879,0.124575308536846,0.145640178338288,0.088074338616481,0.032459151958476,0.146272498139697,0.131886010015584,-0.0994823249266549,0.000995568020621824,0.0226688911677783,0.0614747600427115,0.326554307423974,0.0400799285598688,0.0590364898254032,0.0561517889727051,0.161232574339525,0.0989908627381854
"3",-0.181541752528566,-0.0960746358148566,-0.111253995587836,-0.0859736611055929,-0.110854994423484,-0.10196925721443,-0.161278650447635,-0.111296872553951,-0.0855386959105606,-0.0084099506762282,-0.110458002771881,-0.0902140882069728,-0.116439255537105,-0.119528825040579,-0.0589946353377368,-0.293125111235051,-0.291190465504059,-0.151569261543873,-0.113353655186044,0.175233774655529,-0.0547538650205936,-0.0789671866004115,-0.0560515440139563,-0.0466552156032561,-0.0490953084508501
"4",-0.464463090818748,0.0903043783999166,0.211402488636433,0.170951507953617,0.105733629889896,0.168186081705838,0.186996867792121,0.170037886847109,0.211108458796031,0.166374598531891,0.24591798169183,0.110665970754613,0.180157171610715,0.25394022173657,0.177706402784504,-0.136312660923137,0.141231229913531,0.168728362732581,0.0572427369339418,0.380704218243027,0.134494025082996,0.115092871100847,0.163802513948282,0.124220937017793,0.126212946944914
"5",-0.270031568558129,-0.537644415884615,-0.443139445938906,-0.483782338684492,-0.598251130607414,-0.517403300733285,-0.529633095789494,-0.568696803048545,-0.441422424962222,-0.514078734094099,-0.567307481384817,-0.56148990079853,-0.570092262911081,-0.399575311566387,-0.328817969698021,-0.611213373433363,-0.48673598116276,-0.499284659363782,-0.590053080948275,-0.191010835220333,-0.556510522527921,-0.611646147974811,-0.619103274730633,-0.526306416039001,-0.467764579017008
"6",0.715849810586442,0.921162306674297,0.845255451520863,0.868810646354833,0.761377900070269,0.817317532253274,0.770264880552956,0.848997128040555,0.917060781954456,0.795128550882708,0.898393313722326,0.843328923603016,0.820944838634694,0.743814239237839,0.877962957079795,0.700566934091725,0.672924987537066,0.839516913814112,0.862926717191401,0.893062394519665,0.824787663003396,0.943406947638509,0.927741214781085,0.840404456299395,0.888866942839204
"7",0.345171298716032,0.472685429952534,0.474426046946967,0.381785794451869,0.300107083768117,0.406078473901091,0.276804709459485,0.430393998671548,0.353109110907389,0.376953449063861,0.441765890516747,0.35946729226932,0.33981916835116,0.329533266918389,0.366069170525884,0.297168437046243,0.369006515583525,0.36276530361772,0.376596216535983,0.490144955466337,0.362520709852651,0.363173507087221,0.392630745687661,0.328927237053871,0.340378937350993
"8",-0.189859079221191,0.137674070934429,0.151839488889708,0.139987617853621,0.156271027783765,0.133515563281469,0.18830531473355,0.175980971431228,0.217563372828425,0.146358686982969,0.196479740304543,0.112355107080058,0.147630033578135,0.26873383454482,0.178910165359445,-0.0263497632690585,0.0724325777043191,0.126967047299369,0.105177841434527,0.300452327218405,0.155948275542903,0.17820674973735,0.160477179452108,0.132147741853454,0.104984701771938
"9",-0.205549049785603,-0.0660099880319615,-0.0468228841402212,-0.0826045688326988,-0.107657714741433,-0.151578125020345,-0.124225479275211,-0.0849356571165883,-0.00257052142115007,-0.133908045517382,-0.0584157501646106,-0.0967675059815336,-0.0983264469908495,0.0483955083665928,0.0527041675097021,-0.258929909817018,-0.167562738056247,-0.105582413512935,-0.135291780214889,0.0606900969599852,-0.136834081283157,-0.0997409719887366,-0.100726423268385,-0.0483897267998062,-0.0495335804141764
"10",0.342895036647766,0.649528719306065,0.538670325614221,0.531944769631102,0.56617248598565,0.526963956480156,0.540352246916869,0.572988484252543,0.541692310581713,0.601363094270691,0.565586672651557,0.570630700403268,0.632723817512736,0.525782207360294,0.530417768108541,0.45625335964138,0.604164866570792,0.573130942698417,0.484431673468561,0.536151361863602,0.52900439720829,0.616950935642894,0.590474231135846,0.503178618272935,0.469619506437037
"11",0.127824688836842,0.681028724853552,0.545390046332831,0.619641097587221,0.604714956744247,0.540098855444518,0.643048992876213,0.605905040637028,0.587346635720534,0.66109304631679,0.606248890942491,0.585591868917474,0.655976268564266,0.56466501046907,0.583484495019121,0.494875758373723,0.569876414399112,0.570396105633183,0.510350338014834,0.409858212251998,0.550269029350207,0.740501719015022,0.525533209552195,0.547515237755926,0.56836756656732
"12",1.05883298784334,1.42776609814745,1.28524769595972,1.26272324709795,1.34009437456617,1.25894744952171,1.3627656233565,1.31922275628606,1.26523426338398,1.32907835651825,1.314294562831,1.25911186663312,1.34601686150583,1.2647969438765,1.22887226246307,1.28895910685584,1.33840176142033,1.31841967257109,1.22217897076739,1.09447610702008,1.29470425274592,1.33639148791011,1.29096348528114,1.22088493080711,1.19831260617711
"13",-0.142352685491195,0.0656752513554993,0.131092046029459,0.157040681862132,0.119234655116471,0.1550967168177,0.0765596125055543,0.122411134191522,0.149731836350138,0.128476238451739,0.159982489035751,0.0727581470975455,0.0898142429632354,0.254172030413608,0.051364340717229,0.139926588596339,0.0586045141003998,0.086104380147192,0.0798990241784737,-0.0273214936790938,0.118460195164018,0.00402809492056691,0.11958114590113,0.0625596529996387,0.00106173131180212
"14",-0.692206464185667,-0.159155883220369,-0.0963981513710344,-0.026203651104287,-0.108261314369306,-0.0884072026945788,-0.0800795770052084,-0.0920027764297472,-0.0634839647462429,-0.0883394173044204,-0.0425973043180713,-0.137516301362561,-0.0545997391833994,0.0106575781480866,-0.11342639613699,-0.17177847981114,-0.128478810786087,-0.0944193398916951,-0.131370599127108,-0.157093451376965,-0.0423564701166536,-0.174794026916275,-0.0666624389427172,-0.134501241335672,-0.204578314011732
"15",-1.03805497692368,-1.0197964369431,-0.965189265753384,-0.936780900390861,-0.956751777789481,-0.959979242823559,-0.97385715603881,-0.98456684114353,-0.923505546868038,-0.986741223574066,-0.977551200057754,-1.00865864361568,-0.986314755122479,-0.775826592274718,-0.999414388571806,-0.972388968453248,-0.997641395644569,-0.971944035708048,-0.99576405806754,-1.01703768555105,-0.922603113692384,-1.02796552177715,-1.01276931730923,-0.98492596409972,-0.993604033423106
"16",0.60476682748167,0.473191338641338,0.497957422672176,0.429668817190036,0.435920160744699,0.447957421070297,0.341710886759621,0.451727367813823,0.368817710442087,0.474068370636941,0.444949517912568,0.434475524465903,0.451294246544691,0.435578776363476,0.481799004941872,0.393076468047183,0.453968724924968,0.405882681599176,0.459910564721804,0.648137305017186,0.389615781422913,0.421800875651344,0.492052612760339,0.402155325754806,0.464410661288209
"17",0.421983049595855,0.991361100340524,0.817856821031873,0.875981785482876,0.85652385820788,0.883235424903117,0.783454001241106,0.860778361862281,0.909296409806813,0.846506570758152,0.904881423316222,0.816368948551634,0.887454818997626,0.93402322460623,0.845173501398131,0.730485944021751,0.858527089502653,0.839617323976647,0.790292055101238,0.616224274937195,0.929364047924562,0.802858406046815,0.78232160263503,0.758749472624461,0.723677552074666
"18",-0.297092332797646,0.269454834733843,0.277425032891854,0.236071691335351,0.267551155270398,0.203565749926755,0.261476371867887,0.272215519879782,0.325414227428968,0.25637380076543,0.315782123744626,0.248611660678965,0.233212957690842,0.298822656232762,0.217731241766852,0.165351995320166,0.135744382650932,0.238109444619193,0.172850993716498,0.193953315242285,0.310566746841407,0.260712007746486,0.209317007645002,0.124450051812697,0.184351042228831
"19",-0.0324660763346139,-0.0910606045877469,-0.147306666784663,-0.143372231474533,-0.119558133799718,-0.104937019064023,-0.180934109159879,-0.118638329837388,-0.012508766345298,-0.156312650543557,-0.0514520740808518,-0.157757944580044,-0.0657907901601475,-0.0328891945390137,-0.0984449803962629,-0.214303025519544,-0.179836317385982,-0.146358120056758,-0.148110743979769,-0.160183666363816,-0.0520024844668049,-0.0537035953006829,-0.185190930394311,-0.13963895093147,-0.179768481659478
"20",-1.17720964981297,-1.50652449976166,-1.33896472893929,-1.39396577128781,-1.33814072814113,-1.39454866232531,-1.3047874551512,-1.3137258573909,-1.28863458155662,-1.43428551600676,-1.34476830285354,-1.29610739673896,-1.4180211182074,-0.984266780872359,-1.30458922572501,-1.4541760666019,-1.3384691213951,-1.37129286007149,-1.43611799050087,-1.23454190499291,-1.2083086577791,-1.27681227843846,-1.38913250092087,-1.21256149219826,-1.41244636046943
"21",-0.889794505239355,-0.791764315096919,-0.663806078889665,-0.691881220668045,-0.601866424070398,-0.679755950330352,-0.636168632045028,-0.630712540497297,-0.612358003768049,-0.755671815684884,-0.621377840441881,-0.61022451136569,-0.656433765235089,-0.390991715451412,-0.632294566785125,-0.763139741376917,-0.653966950268056,-0.712545997255842,-0.737875709356072,-0.575769352433264,-0.492702038477159,-0.642037083483779,-0.698780142360404,-0.669258180654515,-0.818314372079118
"22",0.360596532924026,0.0285697006679696,0.0157029191854905,-0.0574503561374129,0.0012877505678346,-0.0332723995927675,-0.0508973743048047,-0.0366223362745959,-0.0393447499721952,0.0289112530525029,0.0105321106753411,-0.0152728493411918,0.0422017278404236,0.0101604110126967,-0.0537747183514125,0.198809470569762,-0.0139376003402102,-0.0213382409168549,0.0380527687159229,-0.107693809211598,-0.00726900501638603,-0.0636269917785595,0.00638320959518468,-0.0869154886320151,-0.0790550172203139
"23",-0.141458223488019,-0.377581383906078,-0.247056999170533,-0.309072168493672,-0.238675707943925,-0.338137436689799,-0.292452937789256,-0.286275818127405,-0.266528506205553,-0.313251675162391,-0.280242255317929,-0.318488733244663,-0.223409452336552,-0.159422955458502,-0.314871845170005,-0.156874737443416,-0.332143029912396,-0.313502310143918,-0.308503436760018,-0.404974932405035,-0.275159633585995,-0.289639362624355,-0.321969101782346,-0.293283174479069,-0.348843188730732
"24",0.308523581003108,0.704654966238614,0.596664144673908,0.599225393291084,0.645623384294444,0.578371759361746,0.594155134393654,0.658842321786955,0.629513063089697,0.583622844979778,0.625426984008528,0.68019822346049,0.705632316805326,0.73050501597401,0.61611551096078,0.56039600617063,0.703091943710542,0.628908202271704,0.545374641555356,0.505752095134944,0.657617871395585,0.593244093619967,0.604012460674306,0.594614055429999,0.498982836061778
"25",0.601185325066761,0.823110929041911,0.676550021788082,0.755352700609232,0.725911629884937,0.721436518425885,0.751843739871934,0.696085616795046,0.681422885854585,0.725628521478289,0.680375246689715,0.717735211992474,0.746683566973383,0.480989694311556,0.749546706504524,0.736033932394873,0.862219635612353,0.720765568654739,0.670455956894042,0.71563318787094,0.741127397894413,0.72473555895228,0.690442633179306,0.682650339528823,0.731071907568753
"26",1.14574832279653,0.658558439392891,0.619922651710241,0.553217381538867,0.662816351649794,0.617259103793176,0.623061801732071,0.643308278730745,0.605767993338256,0.648058318884871,0.702361223913218,0.606697311530023,0.67865629933993,0.543451577646584,0.589425133822217,0.715670474116426,0.752115212318046,0.657222999602976,0.638978947248315,0.537606971492989,0.551220029040368,0.8451237979697,0.556304652099841,0.604252669879011,0.704745566038061
"27",0.49775933310799,-0.155268482369683,-0.230819562875045,-0.317300256316475,-0.156086458457054,-0.292677798541412,-0.279083885179609,-0.242590595584017,-0.267283046614689,-0.24812111730141,-0.287098525391347,-0.308246325864498,-0.247578078160457,-0.241907597573533,-0.307895897218721,-0.0927795684963822,-0.28477557587491,-0.267071785544073,-0.23216350715273,-0.448912096319815,-0.323685930588273,-0.170421654892031,-0.224886426366532,-0.201597136979209,-0.217154522217322
"28",0.478543876604011,-0.111371777624942,-0.187453480080685,-0.261169879813849,-0.15952479405096,-0.165981838596229,-0.227715231785688,-0.20521287605859,-0.0932239246574166,-0.232297459930367,-0.22834718535277,-0.189250120280126,-0.210209163794367,-0.134379332963794,-0.243637512543797,-0.075794786483291,-0.18814467378063,-0.175162316743775,-0.206143719106461,-0.31219089314931,-0.283971605272234,0.0534139578294044,-0.193114918232362,-0.162561796809036,-0.15672289956615
"29",-0.378246759376031,-0.19178935810401,-0.20728317539129,-0.217044080548298,-0.134909805740456,-0.178153872138238,-0.181613771570006,-0.188899652647178,-0.113174293729696,-0.196995948832504,-0.169925686502108,-0.203151765948867,-0.215342673066983,-0.0796716217058086,-0.231913961944388,-0.23094468133188,-0.324282165711771,-0.214802468794647,-0.212947862086958,-0.339791750438662,-0.152916327732545,-0.130552642957432,-0.182225798226465,-0.102152079549927,-0.300797172938389
"30",-0.0608226941674636,-0.628352932613218,-0.526473005990069,-0.597809216838462,-0.543289636453551,-0.602724770336863,-0.58239090355864,-0.54579170870336,-0.614315583127769,-0.550861516133851,-0.540412762770421,-0.587886590346026,-0.534074228600996,-0.436712007915249,-0.577051843659658,-0.392340858079206,-0.596554751649601,-0.531396122335726,-0.526054634256213,-0.503128860211486,-0.60076754064607,-0.554961145174699,-0.496999997568262,-0.551904133244336,-0.593446278523269
"31",0.564951327599299,-0.00570457127456324,-0.0148022189765841,-0.0670752837765024,-0.053898585288445,-0.0578323308178427,0.006097424189742,0.0185960595748358,-0.00450568248525784,-0.0645851702787312,-0.01720887472734,-0.0384043344194444,-0.0347678286436524,0.0524947558967565,-0.0706571125030309,0.0738630918515473,0.10953291949164,-0.0136808733461399,-0.00234818509789168,-0.042254764801873,-0.0918614381794684,0.00952662436462537,-0.0848253695904824,0.0298664017192036,0.0509341463218101
"32",0.741766479163546,1.05960400156671,1.17001509813154,1.15374911889149,1.10415210441474,1.20121582177707,1.16643613409458,1.13086198232738,1.11200854529922,1.14920868593795,1.10707590581493,1.19298454371517,1.1588478607305,1.28154171929081,1.10477441724658,0.985753036181486,1.38442194597177,1.10125250320828,1.14364748970187,1.43263828355566,1.26805852187603,0.970271363897435,1.23256371691872,1.10126340847205,1.0651484737106
"33",0.945647815895314,1.56123202369904,1.55208215433079,1.54371794295222,1.55489537118192,1.53160343853045,1.49203651963308,1.61870682071361,1.57056968455064,1.55930847747158,1.58524169185502,1.57787816358034,1.55145980592154,1.67140794592674,1.50543726435763,1.50215513146688,1.53840524051106,1.53934999099507,1.57185677105018,1.36990471821594,1.67804517962878,1.4594614740005,1.53596331411014,1.4766862890705,1.44399791700961
"34",-0.254301752683956,-0.211678521189646,-0.187600611314004,-0.225073955289893,-0.137016660045912,-0.243159848182813,-0.189536753979738,-0.169144998789358,-0.185625083275795,-0.222613944211056,-0.177660599717569,-0.270696512508014,-0.186098924379818,-0.147027627331414,-0.202703018906166,-0.252081413319759,-0.251304012165464,-0.195418466363804,-0.22162919008551,-0.256052442084682,-0.114884970424567,-0.0952970334809597,-0.208357489684858,-0.19721870926342,-0.282990827233575
"35",0.636871523997582,0.0874915819341062,-0.00614397732981262,-0.0825791935364896,0.0309160035404868,-0.0892909079555728,-0.0515442898994907,-0.0530754975251181,-0.0819611959666573,-0.0834503557675117,-0.0199537690359186,-0.0351819980463366,-0.0580865667963226,0.0782901223971143,-0.0768471858172997,0.216843355085666,-0.0279678249761717,-0.0168603302623444,0.0380777482249954,-0.129638696675554,-0.106864574062158,0.0377822715932379,-0.0183507529942987,-0.0170483110835097,-0.0240720777730642
"36",-0.333881723238939,0.376242928223657,0.404405735288426,0.40453573817276,0.344161968981314,0.291531619441843,0.301620539463448,0.373852534755814,0.458631049255314,0.321303728120765,0.464116911011213,0.397251350200749,0.323972926310179,0.4637650771682,0.322802318676903,0.140458050760362,0.256920219057073,0.35749776652301,0.243106157985248,0.306666145067672,0.369131455318339,0.413725540175518,0.346438754593212,0.380455694587535,0.35376368208836
"37",-0.32787151736947,-0.569574774691068,-0.564585233313392,-0.552769277153821,-0.566035522351725,-0.517283377776097,-0.567384415100802,-0.605217485611274,-0.538607483409769,-0.569754359284492,-0.570123679401107,-0.553961048128588,-0.578643076129404,-0.478568225951077,-0.55990029274709,-0.633854862082781,-0.515083473335433,-0.584535218236411,-0.590776134555582,-0.652792831305767,-0.606721911759199,-0.533566972347728,-0.607880548995241,-0.600620339688149,-0.680877370510741
"38",0.840853663448954,1.78299511222109,1.80563731536516,1.7929554825686,1.82132044007631,1.81304335777227,1.71789808904714,1.81118635845813,1.77803106720498,1.80730593715111,1.84714578169344,1.74082887560723,1.78956749823528,1.84793095494567,1.75572825531085,1.60956654868871,1.83221041505232,1.75589329611526,1.76055797985716,1.65550097324446,1.90360182794987,1.67730281875264,1.79689693027935,1.72513231369888,1.64554987658271
"39",0.934039193383942,0.798521329967009,0.675988869394642,0.65295533807302,0.673746283832033,0.635730868941457,0.669832368335376,0.647683023613424,0.640405535098465,0.603998388746755,0.581382329342847,0.665931091897342,0.620163224663264,0.570872271896787,0.64016067128744,0.632351908656839,0.733225683216337,0.653173368575783,0.665489756060579,0.608528771111413,0.573108492202882,0.708791439073305,0.679888052426523,0.575549586085431,0.605631120143931
"40",1.08205538637206,1.13007836654038,1.0032419783892,1.05688112360627,1.04211776768764,1.02972034180141,1.07363568208596,1.02791207861843,1.06528163639543,0.970484157284191,1.08259173222584,1.04168999281977,1.00267984770678,0.95250158302798,0.958963737257702,0.935320352935847,1.08449752279559,1.03698126552902,1.02028853462718,1.03451264553821,1.00952772020117,1.13676740621541,1.04983336986492,0.889727053937936,0.912644364046872
"41",0.0967041482680784,0.540533440131551,0.475135774868301,0.513768787933558,0.516675940976891,0.456027947707299,0.521352022958904,0.536316022867747,0.476375762669411,0.44374309624688,0.488630492802107,0.49775644964272,0.477829730109657,0.528344083404494,0.461895548167542,0.355872290664437,0.48440922071548,0.462017183186993,0.426759324873122,0.515264240931957,0.532922178027524,0.507535958618289,0.485629507585213,0.383420505573283,0.335782300862479
"42",1.19479756491865,0.325731405979031,0.358030674777723,0.337751264896488,0.32944585293264,0.377017714051666,0.376509289761515,0.356783429153502,0.271541953606829,0.377325416818365,0.285426846100684,0.343703281676936,0.379649037549556,0.289509208047649,0.381790689209157,0.523737154925328,0.589725594895351,0.419703412382449,0.433962838175751,0.326922992170738,0.389441978067238,0.572284571863117,0.302167175491127,0.420882351850921,0.490901937995676
"43",0.686010537563701,-0.0619247691785022,-0.0135810235799541,-0.164231789412277,-0.0463698761186866,-0.0541038155712228,-0.105380682611638,-0.0313318169150122,-0.142359095055217,-0.0713861008021139,-0.0202253380684387,-0.0903183917901177,-0.0244273320227205,0.0323185078194526,-0.0999250988136198,0.0881084059459751,0.0610421132155591,-0.0231196028241973,0.0272943977163195,-0.0392584676093429,-0.103453218273992,0.0315900074102351,-0.0870461663886459,-0.0278278891512704,-0.0409173724840691
"44",1.03627280847521,0.0916476981132385,-0.0508400442814128,-0.159545091285799,-0.00533005213670605,-0.0658017243470724,-0.00698236939513597,0.0181380787048911,0.0769984052553941,-0.0179001917756083,-0.00322635627211491,-0.0106723375108683,-0.00972828179000513,0.0470664367414976,-0.00847373050644266,0.143882339184225,0.123935382645677,0.0337029712676208,0.0299548624339497,-0.109653280555344,-0.133214729602629,0.283975568379077,-0.018324978568531,0.116038015575435,0.155920766694538
"45",0.560845116877347,-0.094641110458097,-0.098517634716308,-0.195219849598013,-0.0597258905498716,-0.139886378021576,-0.0864762177782954,-0.0528897354245746,-0.0750465327411062,-0.091699614885147,-0.048266511912873,-0.131252564205264,-0.0810278182870649,0.0302133835163165,-0.138620269955481,0.00471080256708306,-0.121369159318178,-0.0891320976930325,-0.0435768125172232,-0.2238245805127,-0.0819651390770735,0.0284700938770901,-0.107340527087993,-0.0470186326352223,-0.086596656295755
"46",-0.0797664316607498,-0.809366423248164,-0.872518727479759,-0.945253530337816,-0.829147520958617,-0.889926239337371,-0.819895315143108,-0.845039095762754,-0.878086692545724,-0.840246443292053,-0.873554459351509,-0.864050029094024,-0.830817450411736,-0.734233223948864,-0.877453462127437,-0.661280913994145,-0.838224203660188,-0.858506684205277,-0.821231532549884,-0.922124603807644,-0.888021032884266,-0.816492420762832,-0.865825349433363,-0.80958463472397,-0.853635446367287
"47",-0.183869634056208,-0.460336726988052,-0.48719974489967,-0.548279374952707,-0.418881918104772,-0.464846961782383,-0.562763790255255,-0.500159414871143,-0.588963823483388,-0.475149359205443,-0.44274304893227,-0.512823317659541,-0.460223311242224,-0.296565798438219,-0.524078577368864,-0.30841415947855,-0.4440862885723,-0.495928722867557,-0.427646632471926,-0.447321228594616,-0.504061516783345,-0.526697449304877,-0.439730757175096,-0.515435929337928,-0.465065766209959
"48",0.156084239769691,-0.484022151455806,-0.487971510550325,-0.660656773356077,-0.42953694392429,-0.543586075796553,-0.50507155759013,-0.477241889506769,-0.548991679511247,-0.515210287047207,-0.462985198727988,-0.519401552428581,-0.494969665500618,-0.386960451824252,-0.489406460046754,-0.311648870404659,-0.537841722097407,-0.52762791673058,-0.486403788278098,-0.621676739305268,-0.565291980959615,-0.40604761481217,-0.516220277977652,-0.493948796128162,-0.504238820352638
"49",0.372288749800436,1.15420852137433,1.101167102476,1.11487595004762,1.04565506559385,1.0515955198562,0.970316709564444,1.0857881554401,1.13686003040331,1.07581157358719,1.17680000003132,1.11831705567474,1.04638426123432,1.06973028395699,1.05851110335834,0.85688195357154,0.943550495851848,1.09016209865478,1.05534078219567,1.08157902816278,1.10856692191653,1.19475554610362,1.12992832694025,1.0901047629423,1.02906154203477
"50",0.11664795621618,0.0762197226577209,0.123833724600312,0.0609197649177419,0.0940015519679712,0.0786458728983291,0.0968852453814091,0.101816814028704,0.147998199020803,0.067727804758149,0.161555825383598,0.135288618418609,0.0109938605787848,0.175629104194377,0.103062289046752,0.0138952514888285,0.0230668633046007,0.098947545536563,0.019188802495381,0.167004370087107,0.123365667775021,0.173665715261803,0.0737602735459972,0.165889623532789,0.0393479074274535
"51",1.08083400478764,1.07678366716773,1.10906762835931,1.2005033193311,1.07244081937653,1.18048969916237,1.21101584060262,1.1356218942197,1.2030232830849,1.13739344500141,1.12481308303537,1.20573140759718,1.15460361263553,1.09849337859135,1.21507726873151,1.05787880351924,1.18834453124138,1.05866953574909,1.19191969834694,1.31665357471785,1.17407222360499,1.13265132412013,1.13827720939009,1.12295051781029,1.09953357616294
"52",0.494908346121941,0.981811842914428,0.874097361381675,0.898194920862752,0.894627673890872,0.950652363500745,0.955819651418521,0.892437758928292,0.926200810386356,0.865837695893261,0.839980804196394,0.896247568186853,0.851995489265493,0.793290214437465,0.877425275906147,0.890708258872934,0.532690892020995,0.86208802465572,1.02192945837147,0.849914396571531,0.7648297558517,0.912229885308881,0.795041663265636,0.853304308459598,0.796405444441505
"53",1.40274713109647,0.866658707431025,0.965495271577512,1.04108471754333,0.891023091403607,0.997312735414342,1.01889070068967,0.944782271848408,1.11186642702958,1.04101740685467,0.919329627949916,1.15573594175532,1.03814007602995,0.853794354952866,1.08892847562291,0.774366504586926,1.59448540754769,0.897422665913709,0.922226970367261,1.46268314213772,1.04978734950181,0.988803505167236,1.03905104280216,1.12911610343347,1.17718954813107
"54",0.964532243517927,0.44532374637508,0.416556067130854,0.492062710938357,0.345170603658907,0.507337695208202,0.502420274317298,0.411277835140062,0.533358261045629,0.433304635478212,0.368667376240732,0.515470632242696,0.460818512926285,0.35863232802989,0.52440614694983,0.373540929302592,0.749057470217333,0.378614957022154,0.464134532408852,0.67222402609724,0.414844280902499,0.481415669508311,0.421580299036536,0.491934466548657,0.552735615598115
"55",-0.132843889582701,0.451358663454397,0.556037273126296,0.725992013834415,0.604256509138969,0.595260963482827,0.667521258678742,0.567143255443091,0.460352999123115,0.645234413296587,0.522612307345103,0.566761162632038,0.555469380299327,0.262827926793649,0.563480057908826,0.938745922861172,0.303937583154622,0.708301934397598,0.683846550559657,0.483886274382328,0.56746287033418,0.341561446226186,0.616882764474451,0.728337101594451,0.892029338773272
"56",-0.308860656141468,0.0502320311615996,0.229323228557753,0.368000136938548,0.296463539637788,0.369304262416922,0.343875889307647,0.234084291610294,0.0838990051947581,0.343390364117738,0.151799988850385,0.280693529421921,0.221785970901805,0.0545383786299661,0.340366328333444,0.701966718800246,0.114712771173703,0.403789847630282,0.439964661013081,0.0848243418711291,0.285771492140866,-0.0618664518691999,0.271943039621352,0.440687712600208,0.582057730881617
"57",1.56102871715352,1.33751577804745,1.4193081979213,1.59917964361724,1.49875516262391,1.66389079655841,1.61167895610022,1.37381334462093,1.31109638133883,1.49608308367222,1.20754356503551,1.45568527909372,1.45147336919576,0.940619960351521,1.57766735103399,1.91259024280695,1.40502193133809,1.6611527782984,1.64962719874965,1.35224340633107,1.41958182661329,1.11058303042345,1.59234368789447,1.61151234661091,1.7251414391122
"58",0.533134165468802,0.778446431844562,0.969962694690539,1.08716732233065,1.05452777249708,1.13845246815425,1.1131890729607,0.967116017308449,0.834466225817401,1.09218206851798,0.857537685048886,1.01647735429411,0.970541849390547,0.697127533284908,1.07819562517985,1.54226256494133,0.768335730019738,1.18601601232073,1.19022087089063,0.864287636380606,1.01637556590891,0.675372504600415,1.07205953491576,1.24051942867466,1.39297730544378
"59",-0.183933007206638,-0.559661977472968,-0.518213868256281,-0.422730669119503,-0.482158189252575,-0.482955572294596,-0.402361842139564,-0.527968248884981,-0.502662718082738,-0.475426065469821,-0.542584663223608,-0.474002842634016,-0.492920524660665,-0.789684070450853,-0.522170160112851,-0.52653878608594,-0.486922297269289,-0.480347667038475,-0.498936805785781,-0.291214126639094,-0.571672567448193,-0.642422884452617,-0.467892592716815,-0.500841811329082,-0.412349180643482
"60",-0.531743186569665,-0.724552741544915,-0.604060403076136,-0.692082154979086,-0.703144507088681,-0.640564229540808,-0.641071674363379,-0.648158931723984,-0.664893568173278,-0.669232449900492,-0.637994731617789,-0.605620991298252,-0.655503612107238,-0.918563858593869,-0.691206617726685,-0.652585843386953,-0.580241768561752,-0.676182557947622,-0.657757143810693,-0.728999031676064,-0.705541882250102,-0.749486342995156,-0.608311500099767,-0.697922926454415,-0.660674619575173
"61",-2.33451844750466,-2.28894439982724,-2.43998361995597,-2.3978006943853,-2.44508084598499,-2.3772389321945,-2.46261253571468,-2.39563328729123,-2.27000219885997,-2.40330836725745,-2.40900907252352,-2.41573288710653,-2.39457694334157,-2.36887866599552,-2.40407887325692,-2.46684670685185,-2.39350950074261,-2.44152879385627,-2.33434276777449,-2.43841174771617,-2.3631279575832,-2.34402506302679,-2.46416814669163,-2.47016729169706,-2.45798063887333
"62",-3.58905757479825,-3.17469916395171,-3.37286275096503,-3.17869063625338,-3.33237083472074,-3.24057753084622,-3.30256603702053,-3.31360603932103,-3.21335514385756,-3.2542461749738,-3.34982838351382,-3.33429575498336,-3.30532592593914,-3.49197502100211,-3.27989430015783,-3.36815839255137,-3.25208434555696,-3.30441887035784,-3.28611215180955,-3.31291324867736,-3.24818650866557,-3.36396251288038,-3.32868874499701,-3.35640391645061,-3.31785387718097
"63",-2.03635180326442,-1.73844991677628,-1.78121312857268,-1.67131525983136,-1.78585979165674,-1.72599445141563,-1.67726574555655,-1.75942454488873,-1.92160337938331,-1.75634401322852,-1.84370801714864,-1.72693255413856,-1.7350072493685,-1.99655437248598,-1.763081906539,-1.71088508632365,-1.61384539956048,-1.74339949199472,-1.74808331752815,-1.60476155530342,-1.73870289475007,-1.85977248069058,-1.66208185594945,-1.7789265385196,-1.72902095080309
"64",-3.25157483970919,-3.09264050012369,-3.18609375930179,-3.0590519388278,-3.18599813204436,-3.07979894298821,-3.04373006761963,-3.16386560579053,-3.34403169998176,-3.10869446522456,-3.19134734714237,-3.13033858007517,-3.10389127491396,-3.39584200073752,-3.1553460654042,-2.96672772141151,-2.92146301047266,-3.03571474423093,-3.1021913741423,-3.05644765738027,-3.12884469432491,-3.29205623887384,-3.02882139710484,-3.05311727322037,-2.94629564484261
"65",-1.72675831032037,-1.86221136964525,-1.76628615047572,-1.7859380840736,-1.80554576974557,-1.78585955336058,-1.82739789977726,-1.79922182598296,-1.79605256270443,-1.78204156458165,-1.75743126363884,-1.73957221893006,-1.81956278727557,-1.83895809031748,-1.80311703484683,-1.82662710101595,-1.81757089599541,-1.81402223003625,-1.80477735609637,-1.86328377698464,-1.80557535158358,-1.79684866668183,-1.76085564143907,-1.86303682739523,-1.81315781727816
"66",-1.87218977203814,-1.78899925337984,-1.68843584642157,-1.71042972776649,-1.68846484886699,-1.72097153675957,-1.78355916150179,-1.74177200517217,-1.7055619180023,-1.69851653711813,-1.69395317609031,-1.64050766430738,-1.75232298373761,-1.7814318922054,-1.72438894348881,-1.70945601804917,-1.87752416857282,-1.69755086610655,-1.67099594084901,-1.82081813645897,-1.75003143052441,-1.66275266102898,-1.70986188555744,-1.78163153164889,-1.63592258421448
